Timestamp,MQ7_Value,VOC_Value,Temperature_C,Humidity_%
70156,26,660,29.08,55.24
71156,26,654,29.08,55.18
72156,26,655,29.09,55.2
73156,25,655,29.09,55.21
74156,25,655,29.09,55.21
75156,25,654,29.09,55.25
76156,25,658,29.08,55.22
77156,25,655,29.07,55.29
78156,25,655,29.07,55.26
79156,25,655,29.06,55.31
80156,25,654,29.05,55.3
81156,26,655,29.06,55.26
82156,26,656,29.06,55.39
83156,25,652,29.06,55.37
84156,25,642,29.04,55.43
85156,24,646,29.06,55.4
86156,23,643,29.07,55.39
87156,25,655,29.07,55.34
88156,25,656,29.07,55.31
89156,25,659,29.07,55.18
90156,25,660,29.07,55.24
91156,25,663,29.08,55.19
92156,25,659,29.09,55.19
93156,25,655,29.08,55.22
94156,25,656,29.07,55.25
95156,25,655,29.06,55.28
96156,25,661,29.05,55.28
97156,25,652,29.05,55.39
98156,25,658,29.06,55.39
99156,25,655,29.08,55.4
100156,25,656,29.07,55.34
101156,25,653,29.07,55.29
102156,25,654,29.06,55.25
103156,25,652,29.06,55.29
104156,26,659,29.07,55.27
105156,25,656,29.06,55.23
106156,25,653,29.07,55.24
107156,25,656,29.05,55.3
108156,25,660,29.06,55.29
109156,26,659,29.06,55.29
110156,25,658,29.05,55.31
111156,25,658,29.08,55.32
112156,25,658,29.07,55.36
113156,25,658,29.06,55.35
114156,25,655,29.06,55.34
115156,25,658,29.07,55.32
116156,25,657,29.07,55.26
117156,25,651,29.05,55.3
118156,25,658,29.07,55.24
119156,25,657,29.06,55.18
120156,25,656,29.05,55.16
121156,25,653,29.06,55.1
122156,25,652,29.08,55.15
123156,25,657,29.07,55.17
124156,25,650,29.08,55.18
125156,25,655,29.06,55.18
126156,25,657,29.08,55.12
127156,25,658,29.07,55.14
128156,25,653,29.07,55.21
129156,25,655,29.07,55.21
130156,25,656,29.07,55.26
131156,25,655,29.08,55.2
132156,25,652,29.06,55.25
133156,25,654,29.06,55.23
134156,26,656,29.06,55.28
135156,25,656,29.07,55.21
136156,25,651,29.07,55.19
137156,25,655,29.08,55.11
138156,25,653,29.06,55.05
139156,25,656,29.07,55.05
140156,25,655,29.07,54.99
141156,25,656,29.08,54.92
142156,25,653,29.09,54.95
143156,25,654,29.06,54.99
144156,25,655,29.07,55.02
145156,25,648,29.08,55.06
146156,25,656,29.07,55.07
147156,25,655,29.07,55.02
148156,26,651,29.09,55.07
149156,25,649,29.09,55.03
150156,25,639,29.1,54.95
151156,25,668,29.1,54.95
152156,25,663,29.09,54.98
153156,25,668,29.08,54.92
154156,25,664,29.1,54.97
155156,24,660,29.1,54.99
156156,25,646,29.1,55.0
157156,25,644,29.09,54.97
158156,25,661,29.09,55.05
159156,25,645,29.1,55.04
160156,26,644,29.09,55.08
161156,25,658,29.09,55.06
162156,25,656,29.09,55.1
163156,25,652,29.08,55.16
164156,21,651,29.08,55.2
165156,25,656,29.08,55.17
166156,25,649,29.07,55.19
167156,25,657,29.09,55.15
168156,25,657,29.09,55.05
169156,25,665,29.08,55.03
170156,25,662,29.09,55.01
171156,26,657,29.12,54.98
172156,25,658,29.13,54.94
173156,25,664,29.11,54.97
174156,26,658,29.11,54.98
175156,25,659,29.12,54.98
176156,25,660,29.13,54.98
177156,25,668,29.13,55.0
178156,25,670,29.13,54.96
179156,25,662,29.13,54.96
180156,25,666,29.13,54.97
181156,25,664,29.12,55.02
182156,25,659,29.1,55.0
183156,24,660,29.12,54.97
184156,25,660,29.12,55.04
185156,25,659,29.12,55.0
186156,25,655,29.14,54.98
187156,25,651,29.13,54.92
188156,25,658,29.14,54.94
189156,25,657,29.14,54.96
190156,25,656,29.13,54.99
191156,25,656,29.14,55.0
192156,25,644,29.14,55.0
193156,25,649,29.13,55.03
194156,25,647,29.12,54.98
195156,25,650,29.11,55.03
196156,25,652,29.11,54.99
197156,25,656,29.12,55.03
198156,25,661,29.12,54.98
199156,25,656,29.11,55.01
200156,25,657,29.11,55.04
201156,25,655,29.1,54.98
202156,25,656,29.11,54.97
203156,25,655,29.12,54.99
204156,25,657,29.11,54.99
205156,25,659,29.13,55.01
206156,25,657,29.12,54.94
207156,25,657,29.13,54.99
208156,25,660,29.13,54.98
209156,25,661,29.14,54.95
210156,25,659,29.13,54.92
211156,25,656,29.14,54.93
212156,25,657,29.16,54.96
213156,25,656,29.13,54.93
214156,26,655,29.13,54.97
215156,25,657,29.13,54.99
216156,25,655,29.14,54.89
217156,25,659,29.12,54.87
218156,25,654,29.13,54.84
219156,25,659,29.13,54.72
220156,25,657,29.13,54.74
221156,25,656,29.13,54.67
222156,25,658,29.14,54.66
223156,25,654,29.14,54.69
224156,25,657,29.15,54.71
225156,25,659,29.12,54.76
226156,25,658,29.12,54.83
227156,25,658,29.13,54.82
228156,25,654,29.12,54.83
229156,25,650,29.1,54.9
230156,25,649,29.1,54.91
231156,25,650,29.11,54.92
232156,25,650,29.1,54.87
233156,25,651,29.11,54.87
234156,25,650,29.11,54.84
235156,25,652,29.1,54.86
236156,25,652,29.1,54.87
237156,25,659,29.11,54.89
238156,25,663,29.1,54.87
239156,23,669,29.1,54.88
240156,25,671,29.1,54.86
241156,25,667,29.1,54.84
242156,25,664,29.11,54.93
243156,25,664,29.11,54.95
244156,25,663,29.11,54.94
245156,25,658,29.11,54.91
246156,25,660,29.1,54.94
247156,28,661,29.11,54.94
248156,25,662,29.1,55.01
249156,26,663,29.11,54.93
250156,25,664,29.1,54.85
251156,25,664,29.11,54.88
252156,25,664,29.13,54.88
253156,25,664,29.12,54.83
254156,25,661,29.11,54.83
255156,25,661,29.13,54.87
256156,25,663,29.15,54.83
257156,24,657,29.13,54.86
258156,24,657,29.13,54.87
259156,25,662,29.13,54.82
260156,25,658,29.14,54.84
261156,25,656,29.13,54.9
262156,25,660,29.13,54.86
263156,25,656,29.13,54.85
264156,25,657,29.14,54.85
265156,25,657,29.14,54.82
266156,24,657,29.14,54.82
267156,25,657,29.13,54.83
268156,25,656,29.13,54.83
269156,25,654,29.13,54.81
270156,25,655,29.15,54.75
271156,25,657,29.14,54.72
272156,25,658,29.14,54.69
273156,25,663,29.15,54.7
274156,25,655,29.15,54.75
275156,25,654,29.16,54.68
276156,25,653,29.16,54.73
277156,25,652,29.14,54.73
278156,24,652,29.16,54.8
279156,25,656,29.15,54.81
280156,25,656,29.15,54.79
281156,25,653,29.15,54.78
282156,26,656,29.16,54.74
283156,25,657,29.16,54.74
284156,25,659,29.16,54.7
285156,25,662,29.17,54.6
286156,22,663,29.17,54.7
287156,25,661,29.15,54.71
288156,25,662,29.13,54.75
289156,25,659,29.15,54.72
290156,25,660,29.13,54.74
291156,25,659,29.14,54.78
292156,25,655,29.13,54.8
293156,25,659,29.15,54.77
294156,25,656,29.16,54.74
295156,25,658,29.15,54.71
296156,25,658,29.14,54.69
297156,25,659,29.14,54.69
298156,25,658,29.15,54.68
299156,25,657,29.15,54.76
300156,25,660,29.16,54.69
301156,25,659,29.16,54.68
302156,25,658,29.18,54.67
303156,25,656,29.19,54.67
304156,25,657,29.19,54.65
305156,25,658,29.19,54.68
306156,25,657,29.18,54.67
307156,25,661,29.19,54.72
308156,25,662,29.17,54.76
309156,24,661,29.18,54.74
310156,25,661,29.18,54.77
311156,25,658,29.19,54.75
312156,23,661,29.19,54.78
313156,25,659,29.2,54.75
314156,25,657,29.19,54.74
315156,25,656,29.19,54.75
316156,25,657,29.18,54.66
317156,26,659,29.17,54.65
318156,29,658,29.18,54.64
319156,25,660,29.19,54.62
320156,25,659,29.19,54.61
321156,25,657,29.18,54.64
322156,25,660,29.19,54.58
323156,25,660,29.17,54.61
324156,25,658,29.2,54.67
325156,25,663,29.19,54.65
326156,25,662,29.18,54.66
327156,25,657,29.17,54.65
328156,25,653,29.17,54.62
329156,25,658,29.16,54.7
330156,25,658,29.17,54.68
331156,25,658,29.16,54.7
332156,25,658,29.17,54.71
333156,25,654,29.16,54.68
334156,25,653,29.16,54.65
335156,25,655,29.17,54.59
336156,25,660,29.17,54.55
337156,25,659,29.16,54.61
338156,25,653,29.17,54.63
339156,25,659,29.16,54.63
340156,25,656,29.16,54.65
341156,25,648,29.16,54.73
342156,25,648,29.14,54.74
343156,25,646,29.13,54.7
344156,25,649,29.15,54.67
345156,25,647,29.13,54.74
346156,25,648,29.14,54.75
347156,25,651,29.15,54.73
348156,25,651,29.15,54.72
349156,26,673,29.14,54.62
350156,25,672,29.16,54.63
351156,25,653,29.15,54.65
352156,25,649,29.14,54.64
353156,25,668,29.15,54.68
354156,25,668,29.15,54.63
355156,25,669,29.14,54.69
356156,25,653,29.16,54.72
357156,25,653,29.15,54.76
358156,25,673,29.15,54.74
359156,24,671,29.14,54.82
360156,26,670,29.13,54.76
361156,25,666,29.15,54.77
362156,25,662,29.15,54.71
363156,25,661,29.16,54.71
364156,25,657,29.16,54.69
365156,25,650,29.16,54.64
366156,25,652,29.15,54.58
367156,25,649,29.16,54.53
368156,25,650,29.16,54.58
369156,25,658,29.15,54.61
370156,25,663,29.16,54.56
371156,25,659,29.17,54.59
372156,25,657,29.16,54.6
373156,25,657,29.15,54.61
374156,25,659,29.16,54.61
375156,25,660,29.15,54.63
376156,25,665,29.15,54.66
377156,25,658,29.15,54.67
378156,25,663,29.15,54.64
379156,25,657,29.15,54.6
380156,25,665,29.15,54.63
381156,25,665,29.16,54.61
382156,23,665,29.16,54.6
383156,25,662,29.17,54.59
384156,25,662,29.17,54.61
385156,25,662,29.17,54.67
386156,25,661,29.18,54.64
387156,34,658,29.17,54.66
388156,25,655,29.19,54.61
389156,25,658,29.21,54.62
390156,25,658,29.21,54.57
391156,25,658,29.2,54.63
392156,25,655,29.18,54.56
393156,25,657,29.19,54.56
394156,25,657,29.21,54.53
395156,25,660,29.19,54.59
396156,25,659,29.19,54.55
397156,25,659,29.19,54.53
398156,25,659,29.17,54.56
399156,25,656,29.19,54.48
400156,25,658,29.19,54.47
401156,25,657,29.2,54.45
402156,25,658,29.2,54.48
403156,25,656,29.2,54.48
404156,25,656,29.19,54.48
405156,25,653,29.2,54.5
406156,25,653,29.18,54.53
407156,25,654,29.18,54.52
408156,25,652,29.17,54.55
409156,25,652,29.17,54.61
410156,25,653,29.15,54.66
411156,25,653,29.16,54.63
412156,25,652,29.17,54.6
413156,25,650,29.18,54.61
414156,25,653,29.17,54.58
415156,25,653,29.17,54.56
416156,25,652,29.17,54.56
417156,25,650,29.18,54.59
418156,25,646,29.17,54.54
419156,25,641,29.17,54.59
420156,25,645,29.16,54.59
421156,25,650,29.17,54.6
422156,25,649,29.16,54.58
423156,25,650,29.15,54.61
424156,25,650,29.16,54.62
425156,25,646,29.14,54.7
426156,25,645,29.16,54.71
427156,25,644,29.15,54.67
428156,25,651,29.15,54.71
429156,25,646,29.16,54.64
430156,25,647,29.15,54.62
431156,25,644,29.16,54.62
432156,25,642,29.15,54.68
433156,25,646,29.16,54.7
434156,25,639,29.17,54.68
435156,25,639,29.18,54.68
436156,25,641,29.17,54.68
437156,25,642,29.18,54.67
438156,25,648,29.16,54.67
439156,14,647,29.16,54.65
440156,25,643,29.17,54.66
441156,25,643,29.18,54.68
442156,25,636,29.18,54.68
443156,25,637,29.16,54.65
444156,25,634,29.19,54.63
445156,26,643,29.16,54.66
446156,25,643,29.17,54.59
447156,25,635,29.18,54.45
448156,25,639,29.16,54.42
449156,25,640,29.19,54.34
450156,25,639,29.18,54.33
451156,25,639,29.18,54.35
452156,25,636,29.18,54.36
453156,25,637,29.19,54.35
454156,25,654,29.18,54.39
455156,25,649,29.17,54.39
456156,25,651,29.16,54.42
457156,25,650,29.16,54.43
458156,25,647,29.18,54.41
459156,25,645,29.17,54.39
460156,25,649,29.16,54.37
461156,25,643,29.17,54.43
462156,25,646,29.18,54.41
463156,19,644,29.17,54.39
464156,25,645,29.17,54.35
465156,25,649,29.16,54.35
466156,25,647,29.18,54.33
467156,25,643,29.16,54.26
468156,25,648,29.15,54.25
469156,25,645,29.18,54.28
470156,25,648,29.18,54.27
471156,25,648,29.18,54.34
472156,25,647,29.18,54.36
473156,25,642,29.17,54.31
474156,25,642,29.16,54.37
475156,25,644,29.17,54.41
476156,25,642,29.17,54.38
477156,25,641,29.18,54.37
478156,25,645,29.18,54.35
479156,25,644,29.17,54.33
480156,25,645,29.19,54.22
481156,25,647,29.18,54.17
482156,25,650,29.17,54.26
483156,25,652,29.16,54.28
484156,25,649,29.18,54.31
485156,25,649,29.19,54.31
486156,25,650,29.17,54.34
487156,25,648,29.18,54.36
488156,25,652,29.17,54.41
489156,25,650,29.19,54.4
490156,25,649,29.18,54.41
491156,25,651,29.18,54.4
492156,25,651,29.18,54.34
493156,25,648,29.17,54.29
494156,25,649,29.19,54.33
495156,25,650,29.18,54.29
496156,25,653,29.18,54.27
497156,25,649,29.19,54.26
498156,24,650,29.2,54.22
499156,25,650,29.2,54.19
500156,25,652,29.19,54.21
501156,25,652,29.2,54.2
502156,25,649,29.21,54.24
503156,24,650,29.19,54.28
504156,25,650,29.18,54.31
505156,25,650,29.19,54.34
506156,25,651,29.2,54.34
507156,25,650,29.19,54.33
508156,25,650,29.19,54.33
509156,25,645,29.17,54.36
510156,25,648,29.18,54.33
511156,25,648,29.18,54.32
512156,25,656,29.19,54.25
513156,26,657,29.19,54.24
514156,25,652,29.22,54.18
515156,25,653,29.21,54.2
516156,25,651,29.2,54.24
517156,25,649,29.21,54.3
518156,25,647,29.19,54.22
519156,25,683,29.2,54.29
520156,24,651,29.2,54.3
521156,25,649,29.18,54.33
522156,25,647,29.19,54.29
523156,25,641,29.19,54.3
524156,25,640,29.19,54.32
525156,25,647,29.19,54.31
526156,25,644,29.2,54.26
527156,25,643,29.2,54.25
528156,25,644,29.21,54.2
529156,25,644,29.21,54.22
530156,25,647,29.23,54.19
531156,25,645,29.23,54.1
532156,25,645,29.22,54.17
533156,25,645,29.24,54.18
534156,25,646,29.23,54.24
535156,25,644,29.23,54.3
536156,25,645,29.24,54.25
537156,25,644,29.22,54.27
538156,25,643,29.22,54.31
539156,28,642,29.21,54.31
540156,25,646,29.21,54.32
541156,25,644,29.22,54.31
542156,25,644,29.2,54.33
543156,26,644,29.22,54.3
544156,25,640,29.2,54.25
545156,25,644,29.2,54.26
546156,25,646,29.21,54.15
547156,25,642,29.21,54.11
548156,25,643,29.22,54.16
549156,25,644,29.22,54.23
550156,25,645,29.21,54.14
551156,25,642,29.2,54.09
552156,25,642,29.22,54.12
553156,25,640,29.24,54.11
554156,25,638,29.23,54.06
555156,25,643,29.24,54.18
556156,24,644,29.22,54.11
557156,26,644,29.22,54.14
558156,25,644,29.22,54.09
559156,25,642,29.22,54.14
560156,25,640,29.22,54.15
561156,25,642,29.22,54.16
562156,25,641,29.22,54.11
563156,25,640,29.22,54.09
564156,25,642,29.23,54.12
565156,25,640,29.22,54.11
566156,25,637,29.22,54.15
567156,25,637,29.21,54.24
568156,23,637,29.2,54.29
569156,24,636,29.21,54.24
570156,25,635,29.19,54.26
571156,25,637,29.19,54.29
572156,25,636,29.21,54.31
573156,25,636,29.17,54.31
574156,25,637,29.18,54.36
575156,25,637,29.19,54.33
576156,25,636,29.2,54.32
577156,25,636,29.2,54.3
578156,25,635,29.2,54.29
579156,25,636,29.21,54.23
580156,25,635,29.21,54.23
581156,25,637,29.19,54.23
582156,25,636,29.22,54.18
583156,25,638,29.22,54.19
584156,25,634,29.22,54.15
585156,25,634,29.22,54.17
586156,25,633,29.23,54.19
587156,25,634,29.21,54.24
588156,25,633,29.21,54.21
589156,25,634,29.21,54.22
590156,25,635,29.2,54.25
591156,25,634,29.21,54.25
592156,21,633,29.2,54.2
593156,25,632,29.23,54.18
594156,25,636,29.21,54.22
595156,25,635,29.22,54.15
596156,25,638,29.23,54.17
597156,25,635,29.23,54.2
598156,25,635,29.2,54.17
599156,25,631,29.22,54.09
600156,35,629,29.22,54.12
601156,25,629,29.23,54.12
602156,25,633,29.21,54.08
603156,25,636,29.22,54.1
604156,25,637,29.23,54.08
605156,25,636,29.23,54.06
606156,25,630,29.24,54.13
607156,25,635,29.22,54.04
608156,25,640,29.22,54.09
609156,25,638,29.23,54.09
610156,25,638,29.24,54.06
611156,25,638,29.25,54.02
612156,26,635,29.23,54.02
613156,25,641,29.23,54.02
614156,25,637,29.25,53.99
615156,25,641,29.24,54.01
616156,25,638,29.22,53.98
617156,25,640,29.23,53.99
618156,25,640,29.22,53.96
619156,25,641,29.22,53.95
620156,25,637,29.24,54.01
621156,25,643,29.24,53.99
622156,25,641,29.23,54.0
623156,25,638,29.22,53.98
624156,25,640,29.23,53.93
625156,25,642,29.23,53.93
626156,25,636,29.23,53.8
627156,25,638,29.24,53.77
628156,25,636,29.24,53.7
629156,25,639,29.22,53.68
630156,25,637,29.23,53.69
631156,25,637,29.23,53.72
632156,25,640,29.23,53.69
633156,25,640,29.23,53.7
634156,25,637,29.26,53.73
635156,25,637,29.24,53.79
636156,25,636,29.24,53.81
637156,25,637,29.22,53.94
638156,25,635,29.23,53.96
639156,25,635,29.24,54.02
640156,25,635,29.23,53.99
641156,26,634,29.23,53.97
642156,25,637,29.23,53.97
643156,25,637,29.23,53.94
644156,25,634,29.23,53.9
645156,25,635,29.24,53.9
646156,25,639,29.24,53.98
647156,25,639,29.23,53.99
648156,25,637,29.23,54.0
649156,25,636,29.22,53.96
650156,25,637,29.23,53.96
651156,25,639,29.21,53.94
652156,26,643,29.21,53.99
653156,26,635,29.21,54.0
654156,25,635,29.21,53.97
655156,25,643,29.22,53.99
656156,25,642,29.21,53.99
657156,25,640,29.21,53.97
658156,25,639,29.22,54.02
659156,25,636,29.21,54.0
660156,22,633,29.23,53.95
661156,25,633,29.22,53.79
662156,25,633,29.21,53.92
663156,25,634,29.22,53.88
664156,25,638,29.23,53.86
665156,25,632,29.23,53.76
666156,26,636,29.23,53.74
667156,25,636,29.22,53.8
668156,25,636,29.23,53.85
669156,25,635,29.23,53.93
670156,25,637,29.23,53.94
671156,25,630,29.23,53.93
672156,25,634,29.22,53.92
673156,25,637,29.22,53.8
674156,25,636,29.22,53.73
675156,25,631,29.21,53.75
676156,25,632,29.21,53.7
677156,25,632,29.21,53.68
678156,25,635,29.23,53.72
679156,25,636,29.22,53.73
680156,25,639,29.22,53.72
681156,25,634,29.22,53.73
682156,25,635,29.22,53.69
683156,21,636,29.22,53.75
684156,25,636,29.2,53.77
685156,25,636,29.2,53.8
686156,25,637,29.21,53.83
687156,25,635,29.22,53.85
688156,25,639,29.22,53.85
689156,26,638,29.21,53.9
690156,25,638,29.21,53.94
691156,25,638,29.21,53.91
692156,25,629,29.21,53.88
693156,25,617,29.22,53.89
694156,25,621,29.23,53.8
695156,25,634,29.23,53.86
696156,25,632,29.24,53.8
697156,25,634,29.22,53.73
698156,25,630,29.23,53.73
699156,25,632,29.25,53.73
700156,25,633,29.24,53.73
701156,25,633,29.26,53.75
702156,25,633,29.26,53.72
703156,25,634,29.24,53.77
704156,25,636,29.26,53.73
705156,25,633,29.24,53.71
706156,25,632,29.26,53.72
707156,25,632,29.26,53.71
708156,26,626,29.25,53.64
709156,25,627,29.24,53.56
710156,25,627,29.24,53.5
711156,25,626,29.23,53.61
712156,25,627,29.24,53.66
713156,21,627,29.23,53.64
714156,25,625,29.25,53.65
715156,25,626,29.24,53.62
716156,25,624,29.25,53.54
717156,25,630,29.25,53.55
718156,25,631,29.25,53.66
719156,25,632,29.25,53.65
720156,25,631,29.25,53.68
721156,25,628,29.25,53.68
722156,25,628,29.26,53.66
723156,25,624,29.26,53.7
724156,25,630,29.27,53.7
725156,25,625,29.27,53.68
726156,24,628,29.27,53.71
727156,25,632,29.27,53.65
728156,25,627,29.28,53.66
729156,25,629,29.27,53.66
730156,25,629,29.27,53.63
731156,25,629,29.25,53.64
732156,25,629,29.27,53.67
733156,25,628,29.26,53.69
734156,25,632,29.25,53.7
735156,25,633,29.26,53.72
736156,25,635,29.28,53.76
737156,25,629,29.27,53.7
738156,25,641,29.28,53.69
739156,25,630,29.28,53.67
740156,34,630,29.29,53.69
741156,25,632,29.26,53.68
742156,26,629,29.28,53.66
743156,25,629,29.29,53.65
744156,25,634,29.28,53.64
745156,25,633,29.28,53.61
746156,25,630,29.29,53.61
747156,25,635,29.29,53.65
748156,25,636,29.29,53.64
749156,25,635,29.28,53.66
750156,25,632,29.28,53.66
751156,25,633,29.27,53.66
752156,25,631,29.27,53.63
753156,25,632,29.27,53.65
754156,25,632,29.27,53.64
755156,25,625,29.27,53.64
756156,25,630,29.27,53.63
757156,25,630,29.28,53.64
758156,24,630,29.29,53.61
759156,25,629,29.28,53.49
760156,25,632,29.27,53.49
761156,25,631,29.27,53.5
762156,25,631,29.28,53.41
763156,25,633,29.27,53.46
764156,25,633,29.26,53.51
765156,25,630,29.25,53.49
766156,25,631,29.26,53.6
767156,25,629,29.26,53.63
768156,25,632,29.26,53.59
769156,25,630,29.25,53.56
770156,25,628,29.27,53.4
771156,25,632,29.27,53.46
772156,25,630,29.27,53.45
773156,25,628,29.28,53.48
774156,25,632,29.28,53.44
775156,25,631,29.29,53.38
776156,25,631,29.29,53.38
777156,25,632,29.28,53.36
778156,25,632,29.27,53.37
779156,25,629,29.28,53.36
780156,25,631,29.28,53.37
781156,25,628,29.28,53.37
782156,25,628,29.28,53.37
783156,25,631,29.28,53.39
784156,25,630,29.27,53.42
785156,25,629,29.27,53.41
786156,25,630,29.29,53.38
787156,25,630,29.28,53.39
788156,25,630,29.28,53.37
789156,25,631,29.29,53.35
790156,24,631,29.29,53.29
791156,25,629,29.29,53.11
792156,25,629,29.27,53.09
793156,25,630,29.28,53.07
794156,25,630,29.28,53.06
795156,25,633,29.29,53.13
796156,25,628,29.31,53.08
797156,25,630,29.29,53.11
798156,25,632,29.32,53.12
799156,25,630,29.32,53.05
800156,25,630,29.31,53.14
801156,25,630,29.31,53.21
802156,25,630,29.31,53.24
803156,25,629,29.32,53.21
804156,25,629,29.31,53.17
805156,25,629,29.3,53.31
806156,25,630,29.31,53.33
807156,25,630,29.31,53.32
808156,25,631,29.33,53.31
809156,25,631,29.31,53.28
810156,25,634,29.31,53.29
811156,25,635,29.32,53.27
812156,25,633,29.32,53.27
813156,25,630,29.32,53.21
814156,25,634,29.32,53.24
815156,25,636,29.3,53.28
816156,25,636,29.3,53.31
817156,25,635,29.31,53.3
818156,25,636,29.3,53.33
819156,25,636,29.32,53.31
820156,25,638,29.29,53.26
821156,25,636,29.3,53.24
822156,25,634,29.31,53.15
823156,25,632,29.32,53.2
824156,24,632,29.32,53.08
825156,25,634,29.31,53.07
826156,25,632,29.31,53.09
827156,25,630,29.3,53.05
828156,25,630,29.3,53.02
829156,25,630,29.3,53.01
830156,25,630,29.32,53.1
831156,25,632,29.32,53.1
832156,25,630,29.31,53.17
833156,25,630,29.3,53.17
834156,25,632,29.3,53.24
835156,25,629,29.31,53.14
836156,25,631,29.31,53.15
837156,25,636,29.31,53.06
838156,25,632,29.3,53.08
839156,25,634,29.3,53.08
840156,25,631,29.31,52.99
841156,25,630,29.29,52.99
842156,25,630,29.3,53.02
843156,25,631,29.3,53.01
844156,25,627,29.31,53.02
845156,25,630,29.3,53.0
846156,25,624,29.33,52.99
847156,25,624,29.32,53.01
848156,20,635,29.31,53.01
849156,25,629,29.31,53.06
850156,23,628,29.3,53.04
851156,25,630,29.32,53.06
852156,25,629,29.31,53.08
853156,25,627,29.3,53.01
854156,27,628,29.32,53.04
855156,24,627,29.32,53.02
856156,24,628,29.32,52.94
857156,25,631,29.32,52.89
858156,25,629,29.3,52.85
859156,25,629,29.31,52.82
860156,25,631,29.29,52.85
861156,25,631,29.3,52.93
862156,25,630,29.29,52.98
863156,25,632,29.31,53.01
864156,25,678,29.32,53.03
865156,25,635,29.31,53.08
866156,25,636,29.3,53.05
867156,25,637,29.31,53.09
868156,25,635,29.31,53.15
869156,25,633,29.31,53.14
870156,25,631,29.3,53.05
871156,25,631,29.31,53.01
872156,25,629,29.3,53.05
873156,26,625,29.3,53.04
874156,25,628,29.32,53.02
875156,25,630,29.32,53.0
876156,25,625,29.32,52.9
877156,25,625,29.32,52.9
878156,25,631,29.33,52.94
879156,24,637,29.33,52.92
880156,25,636,29.33,52.92
881156,25,633,29.33,52.95
882156,25,634,29.32,52.94
883156,25,634,29.33,53.0
884156,25,639,29.34,52.93
885156,23,629,29.34,52.87
886156,25,633,29.34,52.86
887156,25,632,29.31,52.89
888156,25,631,29.33,52.81
889156,25,630,29.33,52.84
890156,26,630,29.32,52.83
891156,25,629,29.33,52.86
892156,25,629,29.32,52.85
893156,25,627,29.33,52.87
894156,24,627,29.32,52.9
895156,25,628,29.32,52.94
896156,25,626,29.32,52.95
897156,25,628,29.33,52.94
898156,26,626,29.33,52.95
899156,25,628,29.31,52.97
900156,25,626,29.34,53.0
901156,24,626,29.32,53.0
902156,25,626,29.33,52.98
903156,25,625,29.31,52.96
904156,25,626,29.31,52.87
905156,25,628,29.33,52.87
906156,26,626,29.33,52.87
907156,24,627,29.32,52.88
908156,26,626,29.32,52.88
909156,25,626,29.33,52.95
910156,25,627,29.31,52.85
911156,25,626,29.31,52.8
912156,25,627,29.32,52.86
913156,25,627,29.32,52.89
914156,25,625,29.31,52.92
915156,25,628,29.32,52.89
916156,25,628,29.29,52.92
917156,25,627,29.31,53.0
918156,25,628,29.3,52.96
919156,25,627,29.31,52.96
920156,25,632,29.29,52.94
921156,25,630,29.29,52.83
922156,25,632,29.31,52.79
923156,25,631,29.29,52.81
924156,25,630,29.3,52.79
925156,25,635,29.29,52.81
926156,24,635,29.29,52.78
927156,25,635,29.29,52.9
928156,21,635,29.28,52.92
929156,25,635,29.3,52.91
930156,23,634,29.3,52.97
931156,25,635,29.28,52.98
932156,25,635,29.28,52.97
933156,25,634,29.29,52.87
934156,25,633,29.3,52.87
935156,25,633,29.29,52.88
936156,25,633,29.29,52.92
937156,25,634,29.29,52.91
938156,25,632,29.29,52.88
939156,25,635,29.3,52.79
940156,25,639,29.29,52.76
941156,25,635,29.29,52.78
942156,23,635,29.3,52.7
943156,25,635,29.29,52.66
944156,25,635,29.29,52.63
945156,25,634,29.31,52.54
946156,25,632,29.31,52.64
947156,25,633,29.28,52.68
948156,25,632,29.29,52.77
949156,25,632,29.29,52.73
950156,25,632,29.29,52.77
951156,25,633,29.3,52.83
952156,25,633,29.3,52.8
953156,25,616,29.29,52.78
954156,25,635,29.3,52.74
955156,25,634,29.29,52.63
956156,25,633,29.3,52.58
957156,25,639,29.3,52.51
958156,25,636,29.32,52.46
959156,25,636,29.32,52.5
960156,25,636,29.31,52.57
961156,25,635,29.31,52.66
962156,25,635,29.29,52.75
963156,35,634,29.3,52.76
964156,25,633,29.29,52.77
965156,25,629,29.29,52.83
966156,25,630,29.29,52.83
967156,25,632,29.27,52.86
968156,25,632,29.28,52.9
969156,25,631,29.28,52.86
970156,25,634,29.28,52.84
971156,23,634,29.28,52.84
972156,25,634,29.3,52.85
973156,25,633,29.3,52.83
974156,25,633,29.31,52.85
975156,25,635,29.31,52.81
976156,25,636,29.31,52.83
977156,25,636,29.31,52.84
978156,25,637,29.31,52.89
979156,25,637,29.31,52.87
980156,25,636,29.3,52.9
981156,25,636,29.3,52.88
982156,25,636,29.29,52.84
983156,25,635,29.29,52.88
984156,25,635,29.28,52.87
985156,25,635,29.3,52.86
986156,25,634,29.3,52.82
987156,25,635,29.31,52.85
988156,25,634,29.32,52.81
989156,25,637,29.3,52.75
990156,25,638,29.32,52.77
991156,25,637,29.32,52.78
992156,27,638,29.34,52.79
993156,25,636,29.33,52.74
994156,25,631,29.35,52.68
995156,25,635,29.34,52.7
996156,25,635,29.35,52.68
997156,25,634,29.35,52.7
998156,25,630,29.35,52.66
999156,25,632,29.35,52.6
1000156,25,632,29.35,52.65
1001156,25,631,29.35,52.53
1002156,25,630,29.36,52.46
1003156,25,631,29.34,52.36
1004156,25,632,29.35,52.35
1005156,25,629,29.36,52.29
1006156,25,629,29.36,52.34
1007156,25,627,29.36,52.29
1008156,25,629,29.37,52.32
1009156,25,629,29.35,52.31
1010156,25,630,29.37,52.33
1011156,24,631,29.36,52.34
1012156,25,632,29.35,52.39
1013156,24,632,29.35,52.41
1014156,25,633,29.37,52.36
1015156,25,630,29.36,52.38
1016156,25,631,29.34,52.46
1017156,26,632,29.34,52.42
1018156,25,631,29.35,52.41
1019156,25,631,29.36,52.45
1020156,25,632,29.35,52.37
1021156,25,632,29.35,52.39
1022156,25,632,29.35,52.45
1023156,25,632,29.34,52.47
1024156,25,632,29.35,52.43
1025156,25,632,29.34,52.45
1026156,25,631,29.34,52.52
1027156,21,631,29.34,52.54
1028156,25,631,29.32,52.56
1029156,25,631,29.33,52.58
1030156,25,631,29.33,52.56
1031156,24,616,29.32,52.55
1032156,25,630,29.33,52.47
1033156,25,631,29.33,52.56
1034156,24,630,29.36,52.54
1035156,25,630,29.34,52.51
1036156,25,629,29.34,52.52
1037156,25,629,29.33,52.51
1038156,25,628,29.34,52.47
1039156,26,629,29.33,52.44
1040156,25,627,29.34,52.38
1041156,25,628,29.32,52.43
1042156,25,628,29.34,52.46
1043156,25,628,29.33,52.49
1044156,25,622,29.32,52.56
1045156,25,626,29.32,52.55
1046156,25,628,29.33,52.59
1047156,25,629,29.32,52.57
1048156,25,626,29.32,52.63
1049156,25,620,29.33,52.63
1050156,25,625,29.35,52.64
1051156,24,628,29.34,52.62
1052156,25,622,29.34,52.55
1053156,25,628,29.35,52.53
1054156,25,627,29.36,52.54
1055156,25,626,29.35,52.49
1056156,25,626,29.36,52.56
1057156,25,626,29.34,52.51
1058156,25,626,29.34,52.49
1059156,25,626,29.34,52.49
1060156,25,626,29.34,52.47
1061156,25,628,29.32,52.52
1062156,25,628,29.33,52.52
1063156,25,628,29.32,52.52
1064156,25,628,29.33,52.57
1065156,24,629,29.34,52.53
1066156,25,627,29.33,52.44
1067156,25,626,29.33,52.47
1068156,25,627,29.35,52.4
1069156,24,627,29.34,52.38
1070156,25,626,29.37,52.4
1071156,25,620,29.36,52.38
1072156,25,621,29.38,52.41
1073156,25,623,29.38,52.38
1074156,25,622,29.37,52.4
1075156,25,624,29.37,52.4
1076156,25,621,29.37,52.44
1077156,25,625,29.36,52.4
1078156,25,624,29.36,52.42
1079156,25,620,29.36,52.37
1080156,25,624,29.37,52.36
1081156,25,623,29.36,52.37
1082156,25,611,29.37,52.38
1083156,25,614,29.37,52.34
1084156,25,608,29.37,52.32
1085156,24,608,29.37,52.35
1086156,25,613,29.38,52.25
1087156,25,620,29.38,52.29
1088156,25,619,29.37,52.28
1089156,25,615,29.38,52.23
1090156,25,617,29.38,52.24
1091156,25,620,29.37,52.27
1092156,34,619,29.38,52.3
1093156,24,621,29.38,52.29
1094156,25,619,29.4,52.29
1095156,25,617,29.37,52.27
1096156,25,622,29.36,52.25
1097156,25,621,29.34,52.23
1098156,25,618,29.35,52.21
1099156,25,622,29.35,52.17
1100156,25,620,29.35,52.09
1101156,25,617,29.35,52.05
1102156,25,619,29.36,52.0
1103156,25,633,29.37,52.05
1104156,25,632,29.37,52.06
1105156,25,634,29.35,52.07
1106156,25,628,29.36,52.07
1107156,24,629,29.35,52.15
1108156,25,631,29.36,52.18
1109156,25,634,29.36,52.21
1110156,25,626,29.37,52.23
1111156,25,631,29.36,52.22
1112156,25,632,29.37,52.19
1113156,25,628,29.37,52.22
1114156,25,624,29.36,52.18
1115156,25,622,29.38,52.15
1116156,24,620,29.38,52.08
1117156,25,623,29.37,52.16
1118156,25,622,29.36,52.13
1119156,25,622,29.35,52.11
1120156,25,623,29.36,52.09
1121156,24,619,29.36,52.12
1122156,25,618,29.37,52.1
1123156,25,622,29.37,52.08
1124156,24,620,29.38,52.04
1125156,25,618,29.36,52.04
1126156,25,609,29.37,52.13
1127156,24,616,29.37,52.07
1128156,25,610,29.39,52.14
1129156,25,602,29.37,52.12
1130156,24,606,29.39,52.12
1131156,24,602,29.39,52.14
1132156,25,602,29.41,52.09
1133156,24,602,29.38,52.04
1134156,24,603,29.38,51.99
1135156,25,614,29.39,51.85
1136156,25,613,29.39,51.9
1137156,25,612,29.38,51.91
1138156,25,616,29.38,51.99
1139156,25,613,29.38,52.0
1140156,24,615,29.39,51.92
1141156,25,613,29.39,51.93
1142156,25,613,29.38,51.96
1143156,25,612,29.37,51.98
1144156,25,617,29.38,52.05
1145156,26,614,29.39,52.01
1146156,25,614,29.39,52.01
1147156,24,615,29.39,51.95
1148156,25,614,29.37,51.89
1149156,25,619,29.38,51.77
1150156,25,615,29.38,51.76
1151156,25,617,29.38,51.76
1152156,24,616,29.38,51.65
1153156,25,614,29.38,51.67
1154156,24,614,29.38,51.71
1155156,25,617,29.39,51.72
1156156,25,615,29.39,51.69
1157156,25,621,29.41,51.77
1158156,25,618,29.38,51.79
1159156,24,615,29.39,51.92
1160156,24,618,29.36,51.92
1161156,24,616,29.38,51.98
1162156,25,619,29.4,52.02
1163156,24,616,29.4,51.97
1164156,25,620,29.4,52.0
1165156,24,620,29.4,52.02
1166156,24,616,29.38,51.98
1167156,34,615,29.4,51.98
1168156,24,616,29.38,52.01
1169156,25,617,29.39,51.96
1170156,25,621,29.4,51.95
1171156,25,617,29.39,51.98
1172156,25,616,29.38,52.01
1173156,25,618,29.36,52.07
1174156,24,617,29.36,52.06
1175156,25,616,29.36,52.08
1176156,24,615,29.33,52.13
1177156,25,615,29.36,52.13
1178156,21,617,29.35,52.13
1179156,24,616,29.35,52.09
1180156,24,623,29.35,52.06
1181156,24,620,29.36,52.06
1182156,25,617,29.35,52.07
1183156,25,616,29.35,52.06
1184156,25,615,29.36,52.0
1185156,24,619,29.36,52.02
1186156,25,619,29.36,52.0
1187156,24,617,29.37,51.97
1188156,25,618,29.36,52.01
1189156,24,619,29.35,51.99
1190156,25,618,29.35,52.01
1191156,25,624,29.35,52.07
1192156,25,619,29.34,52.06
1193156,24,619,29.36,52.03
1194156,24,618,29.35,52.07
1195156,24,621,29.35,52.03
1196156,24,620,29.35,52.01
1197156,25,618,29.34,52.0
1198156,25,620,29.34,51.97
1199156,25,627,29.34,52.0
1200156,25,625,29.35,51.93
1201156,25,620,29.37,51.87
1202156,24,622,29.35,51.76
1203156,25,622,29.35,51.79
1204156,25,622,29.36,51.75
1205156,25,620,29.37,51.82
1206156,25,621,29.33,51.82
1207156,24,626,29.35,51.86
1208156,25,623,29.35,51.88
1209156,25,624,29.34,51.9
1210156,25,620,29.35,51.91
1211156,25,623,29.34,51.85
1212156,24,618,29.33,51.84
1213156,25,620,29.33,51.81
1214156,24,620,29.34,51.84
1215156,24,625,29.33,51.75
1216156,24,626,29.34,51.74
1217156,25,625,29.35,51.7
1218156,24,623,29.35,51.68
1219156,24,623,29.35,51.74
1220156,25,624,29.34,51.7
1221156,19,624,29.35,51.79
1222156,24,621,29.35,51.82
1223156,25,622,29.36,51.8
1224156,24,622,29.36,51.83
1225156,24,622,29.36,51.87
1226156,25,621,29.35,51.88
1227156,25,612,29.35,51.95
1228156,25,619,29.36,51.91
1229156,25,617,29.34,51.94
1230156,24,615,29.36,51.92
1231156,25,616,29.37,51.95
1232156,25,617,29.37,51.95
1233156,25,619,29.36,51.96
1234156,24,618,29.37,51.94
1235156,25,618,29.38,51.93
1236156,23,617,29.36,51.9
1237156,25,620,29.36,51.92
1238156,25,619,29.35,51.98
1239156,25,604,29.36,51.91
1240156,25,619,29.36,51.91
1241156,25,619,29.36,51.93
1242156,25,621,29.36,51.85
1243156,25,618,29.35,51.9
1244156,25,617,29.37,51.9
1245156,25,625,29.35,51.9
1246156,25,618,29.34,51.93
1247156,25,619,29.34,51.87
1248156,25,619,29.36,51.85
1249156,25,620,29.36,51.78
1250156,25,620,29.36,51.74
1251156,25,620,29.37,51.66
1252156,25,620,29.37,51.73
1253156,26,620,29.38,51.75
1254156,25,618,29.37,51.71
1255156,24,621,29.37,51.74
1256156,25,623,29.35,51.8
1257156,25,624,29.36,51.79
1258156,25,624,29.35,51.8
1259156,25,626,29.35,51.78
1260156,25,624,29.35,51.78
1261156,25,625,29.36,51.84
1262156,25,625,29.36,51.8
1263156,24,623,29.38,51.78
1264156,25,621,29.36,51.67
1265156,24,624,29.37,51.66
1266156,24,620,29.36,51.64
1267156,24,620,29.37,51.67
1268156,24,621,29.37,51.67
1269156,25,617,29.37,51.71
1270156,25,620,29.38,51.64
1271156,25,620,29.37,51.7
1272156,25,622,29.37,51.69
1273156,25,622,29.36,51.74
1274156,25,620,29.36,51.72
1275156,25,621,29.38,51.74
1276156,25,621,29.36,51.76
1277156,25,621,29.35,51.77
1278156,25,622,29.34,51.78
1279156,24,622,29.35,51.77
1280156,25,623,29.35,51.75
1281156,25,622,29.35,51.72
1282156,25,622,29.36,51.71
1283156,25,622,29.37,51.75
1284156,25,622,29.39,51.69
1285156,25,623,29.38,51.79
1286156,25,623,29.39,51.73
1287156,24,623,29.39,51.73
1288156,25,623,29.37,51.74
1289156,25,623,29.38,51.76
1290156,25,623,29.38,51.74
1291156,25,622,29.37,51.82
1292156,24,623,29.38,51.8
1293156,24,623,29.37,51.81
1294156,25,622,29.36,51.82
1295156,25,622,29.38,51.83
1296156,24,622,29.37,51.75
1297156,25,609,29.37,51.77
1298156,24,638,29.37,51.7
1299156,25,641,29.38,51.61
1300156,25,644,29.37,51.57
1301156,24,644,29.39,51.58
1302156,25,645,29.38,51.63
1303156,25,645,29.37,51.7
1304156,25,645,29.37,51.72
1305156,25,641,29.36,51.66
1306156,25,632,29.34,51.77
1307156,25,630,29.34,51.75
1308156,25,626,29.35,51.74
1309156,25,630,29.36,51.78
1310156,25,632,29.36,51.73
1311156,25,633,29.37,51.74
1312156,25,632,29.35,51.69
1313156,25,624,29.35,51.65
1314156,24,625,29.35,51.59
1315156,24,625,29.36,51.5
1316156,25,626,29.37,51.43
1317156,25,626,29.37,51.51
1318156,24,622,29.36,51.51
1319156,25,623,29.36,51.45
1320156,25,621,29.35,51.49
1321156,25,621,29.35,51.49
1322156,25,620,29.34,51.53
1323156,25,613,29.34,51.57
1324156,25,628,29.34,51.57
1325156,25,626,29.33,51.62
1326156,25,629,29.34,51.6
1327156,21,630,29.33,51.63
1328156,25,630,29.35,51.69
1329156,25,629,29.33,51.69
1330156,25,636,29.35,51.71
1331156,25,629,29.33,51.71
1332156,24,631,29.36,51.66
1333156,25,632,29.34,51.65
1334156,25,636,29.35,51.7
1335156,24,635,29.35,51.58
1336156,25,630,29.37,51.56
1337156,24,627,29.35,51.56
1338156,25,633,29.36,51.62
1339156,25,631,29.36,51.64
1340156,25,631,29.35,51.63
1341156,25,632,29.36,51.62
1342156,24,633,29.36,51.67
1343156,24,633,29.36,51.6
1344156,25,631,29.36,51.55
1345156,25,632,29.37,51.6
1346156,24,632,29.37,51.51
1347156,25,632,29.37,51.43
1348156,24,632,29.37,51.4
1349156,24,632,29.38,51.35
1350156,24,633,29.37,51.41
1351156,24,629,29.36,51.42
1352156,25,630,29.36,51.41
1353156,24,628,29.38,51.48
1354156,25,630,29.37,51.53
1355156,25,630,29.36,51.54
1356156,25,631,29.36,51.56
1357156,24,629,29.35,51.49
1358156,25,629,29.36,51.45
1359156,25,625,29.35,51.54
1360156,25,628,29.38,51.54
1361156,25,628,29.36,51.47
1362156,25,628,29.35,51.41
1363156,25,627,29.37,51.36
1364156,24,626,29.36,51.36
1365156,24,625,29.36,51.4
1366156,24,625,29.37,51.38
1367156,25,620,29.38,51.44
1368156,25,625,29.37,51.46
1369156,24,628,29.38,51.53
1370156,25,624,29.36,51.52
1371156,24,628,29.35,51.59
1372156,25,628,29.35,51.59
1373156,24,634,29.36,51.62
1374156,25,629,29.34,51.63
1375156,25,629,29.33,51.67
1376156,24,628,29.35,51.63
1377156,25,629,29.34,51.63
1378156,25,629,29.34,51.64
1379156,25,631,29.33,51.63
1380156,25,630,29.33,51.62
1381156,25,631,29.32,51.6
1382156,25,630,29.32,51.63
1383156,25,631,29.33,51.63
1384156,25,631,29.34,51.66
1385156,24,631,29.34,51.67
1386156,25,631,29.33,51.68
1387156,25,638,29.32,51.74
1388156,25,635,29.32,51.72
1389156,25,637,29.31,51.69
1390156,25,635,29.33,51.67
1391156,25,635,29.33,51.71
1392156,24,635,29.33,51.68
1393156,25,634,29.32,51.6
1394156,25,636,29.32,51.58
1395156,25,635,29.34,51.66
1396156,25,633,29.33,51.62
1397156,25,633,29.34,51.58
1398156,24,634,29.35,51.6
1399156,25,632,29.34,51.54
1400156,25,626,29.34,51.58
1401156,25,632,29.34,51.58
1402156,25,627,29.32,51.56
1403156,25,629,29.34,51.59
1404156,25,629,29.32,51.57
1405156,24,630,29.33,51.62
1406156,25,630,29.34,51.56
1407156,25,630,29.33,51.59
1408156,25,632,29.32,51.61
1409156,24,632,29.33,51.53
1410156,25,632,29.35,51.54
1411156,24,632,29.34,51.57
1412156,25,634,29.36,51.5
1413156,25,635,29.35,51.47
1414156,24,635,29.36,51.51
1415156,23,634,29.36,51.46
1416156,25,635,29.35,51.47
1417156,25,633,29.37,51.45
1418156,25,631,29.36,51.44
1419156,25,633,29.35,51.48
1420156,25,626,29.34,51.54
1421156,25,628,29.33,51.55
1422156,25,636,29.35,51.55
1423156,25,638,29.35,51.49
1424156,25,631,29.36,51.52
1425156,25,638,29.36,51.49
1426156,24,638,29.36,51.5
1427156,24,636,29.38,51.5
1428156,25,629,29.37,51.42
1429156,25,630,29.35,51.44
1430156,25,629,29.38,51.33
1431156,25,629,29.36,51.37
1432156,24,632,29.36,51.39
1433156,25,633,29.36,51.38
1434156,24,633,29.35,51.37
1435156,25,633,29.35,51.41
1436156,25,634,29.34,51.4
1437156,22,632,29.33,51.43
1438156,24,632,29.32,51.45
1439156,24,631,29.33,51.43
1440156,24,637,29.32,51.43
1441156,25,632,29.33,51.47
1442156,25,628,29.32,51.45
1443156,25,628,29.32,51.45
1444156,24,626,29.31,51.39
1445156,25,631,29.33,51.37
1446156,24,631,29.32,51.36
1447156,25,631,29.34,51.37
1448156,25,631,29.35,51.38
1449156,25,628,29.35,51.4
1450156,25,628,29.36,51.35
1451156,25,628,29.38,51.4
1452156,24,629,29.38,51.4
1453156,25,629,29.38,51.41
1454156,24,631,29.36,51.37
1455156,24,635,29.36,51.41
1456156,24,628,29.36,51.43
1457156,25,624,29.36,51.43
1458156,33,630,29.37,51.38
1459156,25,628,29.36,51.36
1460156,25,628,29.35,51.36
1461156,24,626,29.36,51.34
1462156,24,632,29.38,51.38
1463156,23,637,29.36,51.24
1464156,25,634,29.36,51.18
1465156,25,634,29.39,51.14
1466156,24,633,29.38,51.18
1467156,25,635,29.38,51.19
1468156,25,636,29.37,51.2
1469156,25,636,29.37,51.2
1470156,25,636,29.35,51.18
1471156,25,636,29.35,51.24
1472156,25,636,29.36,51.23
1473156,24,636,29.34,51.29
1474156,25,636,29.35,51.24
1475156,24,636,29.34,51.26
1476156,25,629,29.36,51.23
1477156,24,628,29.38,51.17
1478156,24,628,29.37,51.09
1479156,24,628,29.38,51.08
1480156,25,628,29.38,51.12
1481156,24,628,29.39,51.14
1482156,24,633,29.39,51.14
1483156,24,628,29.38,51.17
1484156,25,627,29.39,51.21
1485156,25,632,29.37,51.21
1486156,26,632,29.37,51.22
1487156,24,631,29.37,51.26
1488156,25,627,29.36,51.22
1489156,24,632,29.36,51.3
1490156,24,631,29.37,51.3
1491156,25,630,29.37,51.3
1492156,24,629,29.39,51.31
1493156,24,630,29.4,51.27
1494156,24,629,29.4,51.32
1495156,25,628,29.41,51.21
1496156,24,627,29.4,51.22
1497156,24,615,29.4,51.22
1498156,25,623,29.4,51.2
1499156,24,627,29.4,51.2
1500156,24,626,29.39,51.21
1501156,25,625,29.39,51.19
1502156,25,625,29.38,51.21
1503156,25,626,29.39,51.22
1504156,24,629,29.38,51.22
1505156,25,628,29.38,51.24
1506156,25,629,29.37,51.24
1507156,24,630,29.36,51.12
1508156,25,630,29.36,51.22
1509156,25,630,29.38,51.16
1510156,25,629,29.37,51.11
1511156,25,629,29.37,51.04
1512156,21,629,29.35,50.99
1513156,25,629,29.38,50.94
1514156,25,628,29.38,50.99
1515156,24,628,29.36,50.98
1516156,23,628,29.38,50.96
1517156,24,627,29.37,50.98
1518156,24,627,29.35,51.08
1519156,22,624,29.33,51.1
1520156,25,624,29.33,51.15
1521156,24,623,29.32,51.19
1522156,24,624,29.31,51.23
1523156,25,631,29.32,51.14
1524156,25,627,29.34,51.2
1525156,25,625,29.33,51.21
1526156,24,622,29.33,51.15
1527156,24,619,29.34,51.04
1528156,24,623,29.34,51.07
1529156,24,623,29.34,51.1
1530156,24,627,29.35,51.12
1531156,24,626,29.34,51.15
1532156,25,622,29.33,51.18
1533156,25,622,29.34,51.19
1534156,25,622,29.34,51.18
1535156,25,622,29.35,51.23
1536156,24,625,29.34,51.25
1537156,24,625,29.33,51.23
1538156,25,626,29.33,51.23
1539156,25,626,29.33,51.22
1540156,25,621,29.32,51.22
1541156,24,627,29.32,51.25
1542156,24,628,29.34,51.2
1543156,25,628,29.34,51.22
1544156,24,628,29.35,51.23
1545156,24,629,29.34,51.15
1546156,24,630,29.35,51.11
1547156,25,630,29.33,51.16
1548156,25,627,29.33,51.17
1549156,24,627,29.35,51.15
1550156,24,627,29.34,51.19
1551156,24,617,29.36,51.17
1552156,24,623,29.35,51.18
1553156,25,625,29.34,51.21
1554156,25,650,29.34,51.14
1555156,24,631,29.35,51.19
1556156,25,630,29.33,51.17
1557156,24,629,29.33,51.17
1558156,24,629,29.34,51.06
1559156,24,631,29.34,51.07
1560156,25,629,29.34,50.95
1561156,24,627,29.34,50.96
1562156,27,627,29.35,51.02
1563156,24,627,29.34,51.03
1564156,24,625,29.36,51.07
1565156,25,624,29.35,51.07
1566156,25,626,29.34,51.03
1567156,25,622,29.35,51.1
1568156,24,624,29.35,51.13
1569156,25,624,29.36,51.16
1570156,24,625,29.35,51.11
1571156,24,627,29.36,51.12
1572156,25,626,29.35,51.12
1573156,24,627,29.35,51.15
1574156,25,627,29.35,51.09
1575156,24,625,29.36,51.13
1576156,24,626,29.35,51.1
1577156,24,625,29.36,51.08
1578156,24,624,29.35,51.08
1579156,25,625,29.35,51.07
1580156,24,624,29.36,51.12
1581156,24,624,29.38,51.11
1582156,24,623,29.37,51.12
1583156,24,626,29.37,51.14
1584156,25,624,29.36,51.12
1585156,24,623,29.38,51.11
1586156,25,625,29.36,51.12
1587156,25,622,29.39,51.1
1588156,24,623,29.38,51.11
1589156,24,622,29.38,51.07
1590156,24,622,29.38,50.98
1591156,28,623,29.39,50.94
1592156,25,623,29.36,50.95
1593156,24,624,29.37,50.96
1594156,24,623,29.37,50.94
1595156,24,622,29.36,50.83
1596156,24,623,29.36,50.8
1597156,24,622,29.37,50.77
1598156,35,623,29.38,50.81
1599156,25,623,29.39,50.86
1600156,24,624,29.4,50.85
1601156,25,623,29.41,50.91
1602156,24,624,29.41,50.91
1603156,25,622,29.39,50.92
1604156,24,632,29.39,50.9
1605156,24,633,29.39,50.93
1606156,24,631,29.39,50.94
1607156,24,633,29.38,50.93
1608156,23,633,29.38,50.96
1609156,25,632,29.37,50.89
1610156,23,635,29.39,50.85
1611156,25,635,29.38,50.89
1612156,25,635,29.38,50.89
1613156,24,637,29.39,50.85
1614156,25,637,29.38,50.84
1615156,24,637,29.4,50.82
1616156,24,634,29.41,50.8
1617156,25,638,29.4,50.89
1618156,24,637,29.39,50.92
1619156,25,634,29.39,50.91
1620156,25,632,29.37,50.93
1621156,25,631,29.39,50.94
1622156,25,630,29.38,50.96
1623156,24,629,29.37,50.95
1624156,24,628,29.36,50.94
1625156,24,629,29.37,50.93
1626156,24,627,29.38,50.86
1627156,24,627,29.38,50.82
1628156,24,627,29.38,50.84
1629156,24,627,29.38,50.84
1630156,25,627,29.38,50.84
1631156,24,626,29.37,50.86
1632156,24,625,29.37,50.88
1633156,25,625,29.39,50.89
1634156,24,623,29.37,50.94
1635156,24,623,29.36,50.95
1636156,23,622,29.35,50.97
1637156,24,622,29.34,51.0
1638156,24,622,29.34,51.0
1639156,24,623,29.35,51.0
1640156,25,626,29.36,50.97
1641156,24,645,29.37,51.01
1642156,24,624,29.35,50.93
1643156,24,624,29.37,50.93
1644156,24,636,29.36,50.96
1645156,24,637,29.36,50.91
1646156,24,636,29.37,50.97
1647156,24,637,29.37,50.95
1648156,25,639,29.37,50.95
1649156,25,639,29.37,51.0
1650156,25,639,29.36,51.02
1651156,24,638,29.36,50.96
1652156,24,631,29.36,51.03
1653156,24,626,29.36,51.0
1654156,25,617,29.37,51.0
1655156,24,626,29.35,51.03
1656156,25,625,29.35,50.99
1657156,25,646,29.37,50.96
1658156,24,618,29.37,50.92
1659156,24,630,29.36,50.96
1660156,24,630,29.36,50.94
1661156,24,630,29.37,50.94
1662156,24,629,29.38,50.96
1663156,24,629,29.38,50.94
1664156,24,628,29.38,50.99
1665156,24,636,29.37,50.96
1666156,24,635,29.38,50.93
1667156,29,634,29.38,50.98
1668156,24,635,29.37,50.98
1669156,24,635,29.36,51.0
1670156,24,634,29.37,50.98
1671156,24,636,29.37,50.96
1672156,24,636,29.39,50.97
1673156,24,637,29.38,50.98
1674156,25,636,29.38,50.92
1675156,24,636,29.39,50.85
1676156,25,636,29.4,50.83
1677156,24,638,29.39,50.79
1678156,24,638,29.39,50.83
1679156,24,637,29.39,50.83
1680156,24,638,29.41,50.83
1681156,24,636,29.4,50.8
1682156,24,635,29.4,50.82
1683156,24,635,29.39,50.86
1684156,24,634,29.37,50.8
1685156,24,634,29.38,50.78
1686156,24,632,29.38,50.8
1687156,24,632,29.38,50.8
1688156,24,630,29.38,50.78
1689156,24,631,29.37,50.74
1690156,24,630,29.38,50.67
1691156,25,631,29.38,50.64
1692156,24,630,29.39,50.58
1693156,24,632,29.39,50.51
1694156,25,633,29.39,50.52
1695156,24,633,29.39,50.42
1696156,24,633,29.39,50.49
1697156,25,633,29.4,50.56
1698156,24,634,29.37,50.62
1699156,24,633,29.39,50.58
1700156,24,633,29.38,50.62
1701156,24,636,29.38,50.68
1702156,24,629,29.38,50.64
1703156,24,630,29.38,50.69
1704156,25,630,29.37,50.71
1705156,25,629,29.4,50.7
1706156,24,631,29.4,50.66
1707156,25,632,29.39,50.63
1708156,24,632,29.39,50.63
1709156,24,631,29.38,50.64
1710156,27,632,29.4,50.68
1711156,24,630,29.39,50.67
1712156,24,631,29.38,50.71
1713156,24,629,29.39,50.7
1714156,24,630,29.38,50.76
1715156,24,630,29.37,50.81
1716156,24,630,29.38,50.8
1717156,24,629,29.37,50.8
1718156,24,629,29.39,50.83
1719156,25,630,29.38,50.82
1720156,24,629,29.39,50.84
1721156,24,634,29.39,50.82
1722156,24,632,29.4,50.78
1723156,25,632,29.4,50.73
1724156,24,632,29.39,50.69
1725156,24,632,29.4,50.71
1726156,25,632,29.38,50.71
1727156,24,632,29.4,50.75
1728156,24,633,29.41,50.73
1729156,24,632,29.38,50.8
1730156,25,632,29.37,50.81
1731156,25,632,29.38,50.85
1732156,24,632,29.37,50.82
1733156,24,632,29.37,50.84
1734156,24,632,29.37,50.89
1735156,24,632,29.37,50.85
1736156,24,632,29.37,50.83
1737156,25,632,29.37,50.86
1738156,25,632,29.38,50.85
1739156,34,632,29.37,50.83
1740156,24,632,29.38,50.78
1741156,24,632,29.39,50.7
1742156,24,632,29.39,50.76
1743156,24,633,29.39,50.71
1744156,24,632,29.4,50.67
1745156,24,632,29.41,50.79
1746156,25,633,29.38,50.77
1747156,24,633,29.4,50.75
1748156,25,632,29.4,50.79
1749156,24,638,29.4,50.77
1750156,24,628,29.4,50.75
1751156,24,622,29.4,50.74
1752156,25,619,29.39,50.74
1753156,25,629,29.39,50.72
1754156,24,624,29.39,50.7
1755156,24,637,29.4,50.7
1756156,25,637,29.39,50.64
1757156,25,639,29.39,50.59
1758156,24,633,29.39,50.64
1759156,24,640,29.41,50.64
1760156,35,628,29.4,50.6
