time,Co,VOC,Temp,Hum,Label
52156,22,56,30.45,73.81
53156,20,57,30.46,73.81
54156,22,57,30.46,73.81
55156,22,57,30.44,73.8
56156,22,56,30.46,73.83
57156,21,56,30.46,73.88
58156,22,57,30.45,73.79
59156,22,57,30.45,73.84
60156,22,57,30.46,73.85
61156,22,57,30.46,73.84
62156,22,56,30.47,73.92
63156,22,57,30.44,73.86
64156,22,56,30.45,73.83
65156,20,56,30.45,73.84
66156,22,57,30.46,73.87
67156,22,57,30.47,73.82
68156,24,56,30.47,73.86
69156,22,56,30.47,73.82
70156,22,56,30.46,73.8
71156,23,56,30.46,73.82
72156,25,56,30.45,73.84
73156,22,56,30.47,73.86
74156,22,56,30.47,73.8
75156,22,57,30.48,73.84
76156,22,57,30.47,73.82
77156,22,56,30.47,73.81
78156,22,56,30.46,73.84
79156,22,56,30.46,73.83
80156,22,56,30.46,73.79
81156,22,56,30.46,73.81
82156,22,56,30.47,73.87
83156,20,56,30.45,73.76
84156,23,56,30.47,73.8
85156,22,56,30.45,73.78
86156,22,56,30.47,73.8
87156,22,56,30.46,73.81
88156,24,56,30.44,73.84
89156,22,56,30.46,73.83
90156,22,57,30.46,73.83
91156,22,56,30.46,73.79
92156,20,56,30.47,73.8
93156,22,56,30.46,73.77
94156,22,56,30.46,73.8
95156,22,56,30.46,73.76
96156,22,56,30.45,73.81
97156,22,56,30.46,73.81
98156,22,56,30.46,73.78
99156,22,56,30.45,73.8
100156,22,56,30.45,73.75
101156,21,56,30.46,73.74
102156,22,56,30.45,73.81
103156,22,56,30.46,73.8
104156,22,56,30.45,73.8
105156,22,56,30.46,73.77
106156,22,56,30.44,73.77
107156,23,56,30.44,73.82
108156,19,55,30.45,73.79
109156,22,56,30.44,73.8
110156,23,56,30.45,73.79
111156,22,56,30.44,73.87
112156,23,56,30.44,73.86
113156,22,56,30.44,73.8
114156,22,56,30.43,73.84
115156,22,56,30.44,73.84
116156,23,56,30.44,73.86
117156,22,55,30.44,73.85
118156,22,56,30.45,73.85
119156,22,56,30.45,73.86
120156,22,56,30.44,73.84
121156,22,55,30.45,73.84
122156,22,55,30.44,73.82
123156,22,56,30.46,73.84
124156,22,56,30.45,73.85
125156,22,55,30.45,73.9
126156,22,56,30.45,73.89
127156,22,56,30.46,73.86
128156,22,56,30.44,73.85
129156,22,56,30.46,73.9
130156,22,56,30.45,73.89
131156,22,56,30.45,73.88
132156,22,55,30.46,73.87
133156,22,55,30.47,73.88
134156,22,56,30.47,73.85
135156,25,55,30.46,73.89
136156,22,56,30.45,73.86
137156,22,59,30.45,73.86
138156,22,56,30.45,73.88
139156,22,55,30.45,73.86
140156,22,55,30.44,73.9
141156,23,55,30.44,73.86
142156,22,55,30.44,73.88
143156,23,55,30.45,73.9
144156,22,56,30.45,73.86
145156,22,56,30.44,73.9
146156,22,56,30.44,73.89
147156,22,55,30.44,73.88
148156,22,55,30.45,73.84
149156,22,55,30.43,73.9
150156,21,56,30.44,73.87
151156,22,55,30.44,73.93
152156,22,55,30.43,73.91
153156,22,56,30.43,73.9
154156,22,56,30.43,73.93
155156,22,56,30.44,73.91
156156,22,56,30.43,73.86
157156,22,55,30.43,73.86
158156,22,55,30.43,73.91
159156,22,55,30.42,73.91
160156,23,55,30.41,73.91
161156,22,56,30.42,73.89
162156,22,55,30.43,73.92
163156,22,55,30.42,73.93
164156,22,55,30.42,73.96
165156,22,55,30.43,73.94
166156,27,55,30.41,73.94
167156,22,55,30.42,73.96
168156,22,55,30.42,73.89
169156,20,55,30.43,73.89
170156,22,55,30.43,73.91
171156,31,56,30.43,73.94
172156,22,55,30.43,73.89
173156,23,55,30.43,73.91
174156,22,55,30.42,73.89
175156,23,55,30.43,73.88
176156,22,55,30.43,73.94
177156,22,55,30.43,73.92
178156,22,55,30.45,73.89
179156,23,55,30.44,73.86
180156,22,55,30.45,73.84
181156,23,54,30.43,73.85
182156,25,55,30.44,73.89
183156,22,55,30.44,73.89
184156,23,55,30.45,73.9
185156,22,55,30.44,73.86
186156,22,55,30.45,73.82
187156,20,55,30.43,73.79
188156,23,55,30.43,73.86
189156,22,55,30.44,73.84
190156,21,55,30.44,73.84
191156,23,55,30.44,73.84
192156,22,55,30.42,73.84
193156,22,55,30.42,73.9
194156,22,55,30.42,73.85
195156,22,55,30.43,73.82
196156,22,54,30.41,73.84
197156,22,55,30.43,73.84
198156,22,55,30.43,73.83
199156,22,55,30.43,73.82
200156,22,55,30.44,73.85
201156,23,55,30.44,73.84
202156,23,55,30.44,73.83
203156,20,55,30.45,73.8
204156,22,55,30.42,73.76
205156,22,55,30.43,73.74
206156,22,54,30.45,73.77
207156,22,55,30.44,73.73
208156,22,55,30.42,73.75
209156,22,54,30.43,73.73
210156,22,55,30.43,73.78
211156,22,55,30.43,73.75
212156,22,54,30.44,73.72
213156,24,55,30.43,73.74
214156,22,55,30.44,73.78
215156,24,55,30.43,73.74
216156,22,55,30.41,73.71
217156,22,54,30.43,73.74
218156,22,55,30.42,73.75
219156,22,55,30.43,73.71
220156,22,54,30.42,73.7
221156,22,55,30.43,73.71
222156,22,54,30.43,73.68
223156,22,54,30.42,73.72
224156,22,54,30.42,73.71
225156,22,55,30.43,73.69
226156,22,54,30.41,73.69
227156,22,55,30.42,73.68
228156,22,55,30.42,73.69
229156,22,54,30.43,73.68
230156,22,54,30.41,73.68
231156,22,54,30.42,73.71
232156,21,54,30.42,73.7
233156,22,54,30.42,73.68
234156,22,54,30.43,73.68
235156,22,54,30.41,73.65
236156,22,54,30.42,73.66
237156,22,54,30.43,73.64
238156,22,54,30.42,73.7
239156,20,55,30.42,73.65
240156,22,55,30.43,73.68
241156,22,53,30.41,73.65
242156,24,54,30.41,73.67
243156,20,54,30.41,73.69
244156,22,54,30.41,73.64
245156,22,53,30.4,73.65
246156,22,54,30.42,73.67
247156,22,54,30.41,73.68
248156,23,55,30.41,73.63
249156,22,54,30.41,73.64
250156,22,54,30.41,73.65
251156,21,54,30.41,73.65
252156,22,54,30.41,73.59
253156,22,54,30.42,73.6
254156,23,54,30.42,73.61
255156,23,54,30.41,73.62
256156,22,54,30.41,73.6
257156,22,54,30.41,73.61
258156,22,54,30.41,73.61
259156,22,54,30.4,73.58
260156,24,54,30.42,73.59
261156,22,53,30.4,73.55
262156,22,54,30.42,73.56
263156,22,54,30.4,73.58
264156,21,53,30.4,73.54
265156,22,54,30.4,73.56
266156,22,53,30.4,73.56
267156,22,54,30.4,73.55
268156,22,54,30.4,73.59
269156,22,53,30.41,73.58
270156,22,53,30.41,73.5
271156,22,54,30.4,73.54
272156,22,53,30.41,73.51
273156,22,54,30.41,73.49
274156,22,53,30.41,73.52
275156,22,54,30.41,73.51
276156,22,53,30.42,73.46
277156,22,53,30.4,73.52
278156,18,54,30.4,73.52
279156,23,54,30.39,73.51
280156,22,53,30.4,73.53
281156,22,53,30.39,73.45
282156,20,53,30.39,73.46
283156,22,53,30.39,73.5
284156,22,53,30.4,73.46
285156,22,53,30.41,73.5
286156,22,53,30.41,73.5
287156,22,53,30.41,73.51
288156,22,53,30.41,73.49
289156,22,53,30.41,73.53
290156,22,53,30.39,73.54
291156,22,53,30.4,73.5
292156,22,53,30.4,73.49
293156,22,53,30.41,73.5
294156,22,53,30.4,73.54
295156,22,53,30.39,73.51
296156,22,53,30.4,73.49
297156,21,52,30.4,73.5
298156,22,52,30.41,73.51
299156,22,53,30.4,73.5
300156,23,53,30.41,73.47
301156,22,53,30.42,73.5
302156,22,53,30.43,73.5
303156,23,53,30.42,73.48
304156,22,53,30.41,73.42
305156,22,52,30.42,73.43
306156,22,53,30.41,73.43
307156,20,53,30.41,73.4
308156,22,53,30.41,73.43
309156,22,53,30.4,73.43
310156,22,53,30.41,73.44
311156,22,52,30.4,73.45
312156,22,52,30.4,73.45
313156,22,53,30.4,73.42
314156,22,52,30.42,73.47
315156,24,54,30.41,73.44
316156,22,53,30.42,73.45
317156,22,52,30.43,73.43
318156,22,53,30.42,73.44
319156,22,53,30.43,73.45
320156,22,53,30.42,73.41
321156,22,53,30.41,73.42
322156,22,53,30.4,73.44
323156,22,53,30.4,73.35
324156,22,53,30.41,73.46
325156,22,53,30.4,73.43
326156,22,52,30.4,73.39
327156,22,52,30.39,73.43
328156,22,52,30.39,73.42
329156,22,53,30.39,73.4
330156,22,52,30.38,73.38
331156,22,52,30.39,73.39
332156,24,52,30.39,73.41
333156,25,52,30.38,73.44
334156,22,53,30.4,73.41
335156,23,52,30.38,73.39
336156,22,52,30.39,73.39
337156,22,52,30.41,73.38
338156,22,52,30.39,73.41
339156,22,52,30.39,73.39
340156,22,52,30.4,73.34
341156,22,55,30.4,73.39
342156,22,52,30.38,73.35
343156,22,52,30.4,73.38
344156,22,52,30.38,73.36
345156,22,52,30.4,73.34
346156,22,52,30.4,73.34
347156,22,52,30.38,73.29
348156,22,52,30.39,73.37
349156,22,52,30.39,73.31
350156,22,52,30.39,73.29
351156,22,52,30.4,73.32
352156,24,51,30.39,73.29
353156,22,52,30.39,73.35
354156,22,52,30.39,73.33
355156,22,52,30.38,73.31
356156,22,52,30.39,73.32
357156,22,52,30.39,73.33
358156,22,52,30.39,73.3
359156,24,51,30.39,73.33
360156,21,52,30.39,73.28
361156,20,53,30.4,73.31
362156,22,52,30.38,73.3
363156,21,52,30.4,73.3
364156,22,52,30.38,73.3
365156,23,52,30.42,73.27
366156,22,52,30.42,73.27
367156,22,52,30.41,73.24
368156,22,51,30.41,73.23
369156,22,52,30.42,73.24
370156,22,52,30.42,73.25
371156,22,52,30.42,73.23
372156,22,52,30.41,73.27
373156,22,52,30.4,73.25
374156,22,52,30.4,73.25
375156,22,52,30.38,73.22
376156,22,52,30.38,73.24
377156,22,52,30.37,73.24
378156,19,52,30.39,73.27
379156,22,52,30.38,73.25
380156,22,52,30.38,73.24
381156,22,51,30.4,73.25
382156,22,52,30.39,73.22
383156,22,52,30.39,73.25
384156,22,51,30.37,73.3
385156,29,52,30.37,73.27
386156,22,52,30.36,73.29
387156,22,52,30.36,73.28
388156,22,51,30.38,73.28
389156,22,53,30.36,73.29
390156,21,51,30.37,73.3
391156,22,52,30.37,73.3
392156,22,52,30.37,73.28
393156,22,52,30.37,73.3
394156,22,52,30.38,73.27
395156,22,51,30.38,73.28
396156,22,51,30.38,73.3
397156,22,51,30.38,73.24
398156,22,52,30.39,73.26
399156,22,51,30.38,73.23
400156,22,51,30.38,73.25
401156,22,52,30.38,73.27
402156,22,51,30.38,73.25
403156,31,51,30.38,73.27
404156,22,52,30.39,73.22
405156,22,51,30.37,73.22
406156,22,51,30.37,73.26
407156,19,52,30.36,73.22
408156,22,51,30.38,73.24
409156,23,51,30.37,73.2
410156,22,51,30.38,73.18
411156,22,51,30.37,73.25
412156,22,48,30.37,73.19
413156,22,51,30.37,73.2
414156,23,51,30.36,73.18
415156,21,51,30.37,73.21
416156,22,51,30.36,73.18
417156,22,51,30.35,73.19
418156,22,51,30.37,73.2
419156,22,51,30.36,73.17
420156,22,51,30.35,73.21
421156,23,51,30.36,73.22
422156,22,51,30.36,73.24
423156,22,51,30.35,73.22
424156,21,51,30.35,73.15
425156,22,51,30.35,73.23
426156,22,51,30.35,73.18
427156,22,51,30.35,73.24
428156,22,52,30.36,73.16
429156,20,51,30.34,73.15
430156,22,51,30.37,73.17
431156,22,51,30.35,73.18
432156,22,51,30.35,73.18
433156,22,51,30.36,73.16
434156,22,51,30.35,73.17
435156,22,51,30.35,73.19
436156,22,51,30.36,73.18
437156,22,50,30.36,73.15
438156,22,51,30.34,73.11
439156,22,51,30.35,73.1
440156,22,51,30.35,73.13
441156,22,50,30.35,73.14
442156,21,51,30.35,73.13
443156,22,51,30.36,73.09
444156,22,50,30.36,73.08
445156,22,51,30.36,73.07
446156,22,51,30.35,73.09
447156,22,50,30.35,73.08
448156,22,51,30.35,73.09
449156,22,51,30.36,73.05
450156,22,51,30.36,73.05
451156,22,49,30.37,73.02
452156,23,50,30.37,73.04
453156,22,51,30.38,73.03
454156,22,50,30.37,72.99
455156,22,51,30.37,73.05
456156,22,50,30.37,73.01
457156,20,50,30.37,72.99
458156,22,50,30.36,72.94
459156,22,50,30.36,72.96
460156,22,50,30.35,72.94
461156,22,50,30.34,72.95
462156,22,51,30.37,72.92
463156,22,50,30.36,72.96
464156,24,50,30.37,72.93
465156,22,50,30.36,72.97
466156,22,50,30.36,72.93
467156,22,51,30.36,72.89
468156,23,51,30.36,72.92
469156,22,50,30.36,72.88
470156,22,50,30.34,72.87
471156,21,50,30.35,72.9
472156,22,50,30.35,72.9
473156,22,50,30.35,72.87
474156,22,50,30.36,72.85
475156,22,50,30.36,72.88
476156,22,50,30.35,72.84
477156,22,50,30.36,72.83
478156,22,49,30.34,72.82
479156,22,47,30.34,72.85
480156,22,49,30.33,72.81
481156,21,50,30.32,72.82
482156,23,49,30.31,72.81
483156,19,50,30.35,72.77
484156,22,49,30.34,72.78
485156,22,50,30.34,72.75
486156,22,49,30.35,72.78
487156,22,50,30.36,72.74
488156,22,49,30.34,72.76
489156,22,49,30.35,72.74
490156,24,50,30.35,72.75
491156,22,49,30.33,72.73
492156,22,49,30.34,72.69
493156,22,49,30.32,72.74
494156,22,49,30.33,72.77
495156,22,49,30.32,72.76
496156,22,49,30.32,72.7
497156,22,49,30.31,72.7
498156,20,49,30.33,72.74
499156,22,49,30.33,72.71
500156,22,49,30.31,72.71
501156,22,49,30.33,72.71
502156,22,49,30.34,72.7
503156,22,49,30.31,72.74
504156,22,49,30.33,72.73
505156,22,49,30.31,72.69
506156,22,49,30.31,72.68
507156,22,49,30.31,72.7
508156,22,49,30.32,72.69
509156,22,49,30.32,72.71
510156,22,49,30.32,72.71
511156,22,49,30.31,72.69
512156,22,49,30.32,72.68
513156,22,49,30.32,72.68
514156,22,49,30.31,72.68
515156,22,49,30.3,72.67
516156,22,46,30.32,72.69
517156,22,49,30.33,72.67
518156,21,48,30.34,72.64
519156,22,49,30.34,72.6
520156,22,49,30.34,72.62
521156,22,48,30.34,72.62
522156,22,47,30.33,72.61
523156,22,49,30.35,72.57
524156,21,49,30.33,72.57
525156,22,48,30.32,72.6
526156,22,48,30.32,72.57
527156,22,49,30.33,72.6
528156,22,48,30.33,72.6
529156,22,49,30.33,72.57
530156,22,48,30.32,72.54
531156,22,48,30.32,72.59
532156,22,48,30.33,72.6
533156,22,48,30.32,72.57
534156,22,48,30.32,72.58
535156,22,48,30.34,72.57
536156,22,48,30.33,72.56
537156,22,48,30.32,72.57
538156,22,48,30.33,72.57
539156,22,48,30.33,72.55
540156,22,48,30.33,72.55
541156,20,48,30.34,72.53
542156,22,48,30.32,72.55
543156,22,49,30.31,72.56
544156,22,48,30.32,72.58
545156,22,48,30.3,72.6
546156,22,48,30.31,72.55
547156,22,48,30.31,72.51
548156,22,48,30.32,72.58
549156,22,48,30.32,72.54
550156,22,48,30.33,72.54
551156,22,48,30.34,72.51
552156,22,48,30.35,72.53
553156,22,48,30.34,72.48
554156,22,48,30.35,72.46
555156,22,48,30.34,72.5
556156,22,48,30.33,72.49
557156,22,48,30.33,72.46
558156,22,49,30.32,72.51
559156,22,48,30.33,72.5
560156,22,48,30.33,72.46
561156,22,48,30.33,72.49
562156,23,48,30.34,72.47
563156,22,48,30.33,72.49
564156,22,47,30.33,72.48
565156,22,48,30.33,72.5
566156,22,48,30.31,72.53
567156,22,47,30.33,72.51
568156,22,48,30.32,72.51
569156,22,48,30.32,72.52
570156,22,47,30.33,72.51
571156,22,48,30.32,72.5
572156,22,47,30.33,72.51
573156,22,48,30.33,72.45
574156,22,48,30.32,72.5
575156,22,48,30.33,72.5
576156,23,48,30.33,72.48
577156,23,48,30.32,72.52
578156,20,48,30.32,72.49
579156,22,48,30.32,72.48
580156,23,47,30.32,72.52
581156,22,47,30.32,72.49
582156,22,50,30.32,72.51
583156,22,48,30.32,72.49
584156,22,48,30.31,72.47
585156,22,48,30.33,72.47
586156,32,48,30.31,72.51
587156,22,48,30.31,72.48
588156,22,48,30.31,72.5
589156,22,47,30.31,72.52
590156,22,48,30.31,72.47
591156,20,48,30.31,72.5
592156,22,48,30.32,72.5
593156,22,48,30.32,72.52
594156,22,47,30.31,72.48
595156,22,48,30.31,72.52
596156,31,47,30.3,72.49
597156,22,48,30.31,72.47
598156,22,48,30.31,72.48
599156,20,47,30.31,72.48
600156,22,48,30.33,72.51
601156,22,48,30.32,72.51
602156,22,48,30.33,72.5
603156,22,47,30.32,72.5
604156,21,47,30.32,72.49
605156,24,47,30.32,72.47
606156,22,47,30.32,72.44
607156,22,48,30.32,72.5
608156,22,48,30.32,72.45
609156,22,47,30.3,72.49
610156,22,47,30.31,72.49
611156,22,47,30.32,72.5
612156,22,47,30.32,72.5
613156,22,47,30.32,72.51
614156,20,47,30.32,72.53
615156,22,47,30.34,72.5
616156,22,48,30.31,72.49
617156,22,47,30.32,72.48
618156,22,47,30.34,72.5
619156,22,48,30.33,72.49
620156,22,48,30.33,72.5
621156,16,47,30.32,72.46
622156,22,48,30.32,72.51
623156,22,47,30.32,72.51
624156,22,47,30.32,72.49
625156,22,47,30.32,72.49
626156,22,47,30.32,72.51
627156,22,47,30.32,72.48
628156,20,47,30.32,72.46
629156,22,47,30.31,72.47
630156,22,47,30.32,72.5
631156,22,47,30.32,72.47
632156,22,47,30.3,72.5
633156,19,48,30.31,72.5
634156,22,47,30.32,72.53
635156,22,47,30.32,72.48
636156,22,47,30.32,72.43
637156,22,47,30.3,72.48
638156,22,47,30.3,72.46
639156,21,47,30.3,72.47
640156,22,47,30.31,72.46
641156,21,47,30.31,72.51
642156,22,47,30.31,72.48
643156,22,47,30.3,72.48
644156,24,47,30.31,72.49
645156,19,47,30.31,72.5
646156,22,47,30.3,72.52
647156,22,47,30.31,72.46
648156,22,47,30.31,72.47
649156,21,47,30.3,72.52
650156,22,46,30.29,72.53
651156,22,47,30.32,72.48
652156,17,47,30.31,72.48
653156,21,47,30.3,72.49
654156,22,47,30.3,72.5
655156,22,47,30.3,72.48
656156,20,47,30.3,72.48
657156,22,48,30.29,72.48
658156,22,47,30.3,72.49
659156,21,47,30.3,72.55
660156,22,47,30.31,72.5
661156,19,47,30.3,72.5
662156,23,47,30.3,72.53
663156,22,47,30.3,72.53
664156,22,47,30.3,72.57
665156,22,46,30.3,72.49
666156,22,48,30.31,72.48
667156,22,47,30.31,72.55
668156,22,47,30.3,72.5
669156,22,47,30.3,72.53
670156,22,47,30.3,72.52
671156,24,47,30.3,72.57
672156,22,47,30.31,72.5
673156,19,47,30.31,72.56
674156,22,47,30.3,72.49
675156,22,47,30.31,72.53
676156,21,47,30.31,72.54
677156,22,46,30.31,72.52
678156,19,47,30.3,72.52
679156,22,47,30.3,72.51
680156,24,46,30.3,72.48
681156,22,45,30.31,72.52
682156,22,47,30.3,72.51
683156,22,47,30.31,72.53
684156,22,47,30.31,72.52
685156,22,47,30.31,72.5
686156,22,46,30.32,72.47
687156,22,46,30.33,72.47
688156,22,46,30.31,72.44
689156,22,47,30.31,72.46
690156,22,47,30.32,72.49
691156,22,47,30.31,72.46
692156,22,47,30.32,72.48
693156,25,46,30.3,72.5
694156,22,46,30.3,72.45
695156,22,46,30.32,72.42
696156,22,46,30.29,72.49
697156,22,47,30.3,72.44
698156,22,46,30.3,72.48
699156,22,46,30.29,72.46
700156,21,46,30.3,72.49
701156,22,44,30.3,72.5
702156,21,47,30.31,72.44
703156,21,46,30.29,72.49
704156,22,46,30.3,72.48
705156,21,46,30.3,72.53
706156,21,47,30.3,72.5
707156,22,46,30.3,72.51
708156,22,46,30.28,72.51
709156,21,46,30.28,72.48
710156,21,47,30.29,72.52
711156,22,46,30.29,72.5
712156,22,47,30.29,72.53
713156,24,46,30.3,72.47
714156,22,47,30.3,72.53
715156,31,46,30.29,72.56
716156,22,46,30.31,72.52
717156,31,46,30.31,72.52
718156,22,46,30.31,72.5
719156,21,46,30.32,72.46
720156,22,46,30.33,72.44
721156,22,46,30.3,72.44
722156,22,47,30.32,72.45
723156,22,46,30.32,72.43
724156,22,46,30.3,72.43
725156,22,46,30.31,72.46
726156,22,46,30.31,72.43
727156,22,46,30.31,72.47
728156,22,46,30.32,72.43
729156,22,46,30.31,72.41
730156,22,46,30.3,72.41
731156,22,46,30.29,72.43
732156,21,47,30.31,72.42
733156,22,46,30.31,72.45
734156,21,46,30.3,72.48
735156,22,46,30.28,72.42
736156,21,46,30.3,72.41
737156,21,46,30.3,72.46
738156,21,47,30.29,72.47
739156,21,46,30.3,72.52
740156,22,46,30.29,72.46
741156,23,46,30.31,72.49
742156,21,46,30.29,72.47
743156,21,46,30.3,72.47
744156,24,46,30.3,72.45
745156,22,46,30.3,72.48
746156,22,46,30.3,72.48
747156,21,46,30.28,72.45
748156,20,46,30.29,72.47
749156,19,46,30.3,72.45
750156,22,46,30.3,72.46
751156,22,46,30.3,72.45
752156,22,46,30.29,72.46
753156,22,46,30.28,72.46
754156,22,46,30.29,72.45
755156,22,48,30.3,72.49
756156,22,46,30.29,72.46
757156,22,46,30.3,72.48
758156,22,46,30.3,72.47
759156,21,46,30.3,72.49
760156,22,46,30.29,72.42
761156,22,46,30.29,72.46
762156,20,46,30.31,72.47
763156,21,46,30.3,72.45
764156,22,46,30.3,72.47
765156,22,46,30.3,72.46
766156,22,46,30.29,72.48
767156,22,46,30.3,72.44
768156,23,47,30.3,72.46
769156,21,46,30.3,72.44
770156,21,46,30.3,72.44
771156,20,45,30.3,72.49
772156,22,46,30.3,72.46
773156,22,46,30.3,72.48
774156,22,46,30.3,72.48
775156,22,46,30.3,72.47
776156,22,46,30.3,72.45
777156,22,46,30.28,72.51
778156,22,46,30.28,72.5
779156,22,46,30.27,72.5
780156,22,46,30.28,72.53
781156,22,46,30.28,72.53
782156,22,46,30.28,72.52
783156,22,46,30.29,72.52
784156,21,46,30.26,72.5
785156,22,46,30.28,72.51
786156,22,46,30.29,72.54
787156,21,46,30.29,72.53
788156,21,46,30.28,72.52
789156,22,46,30.27,72.58
790156,22,46,30.29,72.54
791156,21,46,30.29,72.51
792156,20,46,30.28,72.52
793156,24,45,30.28,72.53
794156,22,46,30.3,72.57
795156,22,45,30.29,72.57
796156,21,46,30.29,72.55
797156,22,46,30.28,72.52
798156,22,46,30.29,72.52
799156,21,46,30.3,72.56
800156,21,46,30.29,72.54
801156,21,46,30.3,72.57
802156,21,46,30.29,72.53
803156,21,46,30.29,72.54
804156,21,45,30.29,72.53
805156,22,46,30.29,72.56
806156,22,46,30.29,72.6
807156,13,45,30.3,72.56
808156,21,46,30.32,72.54
809156,22,46,30.3,72.54
810156,21,46,30.31,72.54
811156,21,46,30.3,72.57
812156,22,46,30.29,72.55
813156,23,46,30.29,72.57
814156,22,46,30.29,72.59
815156,22,45,30.3,72.58
816156,22,46,30.3,72.56
817156,21,46,30.28,72.58
818156,22,46,30.29,72.62
819156,22,45,30.29,72.58
820156,22,46,30.28,72.6
821156,21,46,30.28,72.57
822156,21,46,30.3,72.57
823156,22,46,30.3,72.61
824156,22,46,30.3,72.59
825156,21,46,30.3,72.66
826156,23,46,30.3,72.63
827156,22,46,30.31,72.61
828156,22,46,30.29,72.64
829156,22,46,30.29,72.61
830156,22,45,30.31,72.6
831156,21,46,30.29,72.62
832156,22,46,30.29,72.59
833156,22,46,30.3,72.62
834156,22,46,30.3,72.56
835156,22,46,30.3,72.58
836156,20,46,30.3,72.59
837156,21,46,30.3,72.62
838156,22,46,30.29,72.6
839156,22,45,30.3,72.55
840156,22,45,30.31,72.58
841156,24,46,30.32,72.59
842156,22,46,30.31,72.61
843156,22,46,30.31,72.58
844156,22,46,30.32,72.56
845156,22,46,30.32,72.52
846156,22,46,30.31,72.53
847156,22,46,30.31,72.53
848156,21,46,30.31,72.51
849156,22,46,30.32,72.5
850156,19,46,30.32,72.48
851156,22,46,30.3,72.51
852156,22,46,30.31,72.47
853156,22,46,30.31,72.52
854156,22,46,30.31,72.5
855156,21,46,30.31,72.56
856156,22,45,30.3,72.52
857156,22,46,30.31,72.54
858156,19,45,30.31,72.48
859156,22,45,30.32,72.49
860156,22,46,30.33,72.48
861156,22,46,30.32,72.47
862156,21,45,30.31,72.46
863156,22,45,30.31,72.46
864156,22,45,30.3,72.46
865156,22,45,30.33,72.45
866156,22,45,30.33,72.41
867156,22,45,30.32,72.43
868156,22,45,30.34,72.4
869156,22,47,30.33,72.42
870156,22,45,30.33,72.37
871156,22,45,30.33,72.4
872156,21,46,30.32,72.42
873156,22,45,30.34,72.36
874156,22,45,30.33,72.37
875156,22,45,30.35,72.37
876156,19,44,30.33,72.37
877156,22,45,30.32,72.37
878156,22,45,30.34,72.37
879156,21,45,30.32,72.39
880156,22,45,30.34,72.37
881156,22,45,30.33,72.36
882156,22,45,30.33,72.31
883156,21,46,30.33,72.34
884156,21,45,30.33,72.39
885156,22,45,30.34,72.35
886156,21,45,30.33,72.33
887156,22,45,30.34,72.32
888156,22,45,30.33,72.39
889156,22,45,30.33,72.37
890156,22,45,30.33,72.33
891156,22,45,30.35,72.37
892156,21,45,30.32,72.36
893156,21,45,30.34,72.37
894156,22,45,30.34,72.35
895156,22,45,30.32,72.33
896156,21,44,30.34,72.35
897156,22,45,30.34,72.35
898156,21,43,30.33,72.42
899156,22,45,30.34,72.33
900156,21,45,30.33,72.34
901156,22,45,30.32,72.37
902156,22,45,30.32,72.33
903156,22,45,30.33,72.37
904156,21,45,30.32,72.34
905156,22,45,30.32,72.38
906156,22,45,30.31,72.35
907156,22,45,30.33,72.38
908156,22,45,30.33,72.35
909156,22,45,30.33,72.37
910156,22,45,30.32,72.35
911156,21,45,30.32,72.35
912156,21,45,30.33,72.35
913156,21,46,30.33,72.36
914156,22,45,30.32,72.38
915156,21,45,30.32,72.31
916156,21,45,30.31,72.38
917156,22,45,30.32,72.35
918156,22,45,30.31,72.35
919156,22,45,30.32,72.33
920156,20,45,30.33,72.34
921156,20,45,30.31,72.31
922156,21,45,30.32,72.32
923156,18,45,30.33,72.38
924156,22,45,30.33,72.34
925156,21,44,30.33,72.36
926156,22,45,30.34,72.33
927156,21,45,30.33,72.35
928156,22,45,30.31,72.34
929156,21,45,30.33,72.39
930156,21,45,30.32,72.34
931156,22,44,30.33,72.34
932156,21,45,30.34,72.33
933156,21,45,30.32,72.29
934156,22,45,30.34,72.32
935156,21,45,30.34,72.29
936156,21,45,30.34,72.3
937156,22,45,30.34,72.34
938156,22,45,30.34,72.27
939156,22,45,30.34,72.21
940156,22,45,30.34,72.27
941156,21,45,30.33,72.28
942156,22,45,30.32,72.3
943156,21,45,30.33,72.3
944156,21,45,30.35,72.3
945156,22,45,30.34,72.32
946156,21,45,30.33,72.27
947156,21,45,30.33,72.31
948156,21,45,30.34,72.31
949156,21,45,30.34,72.32
950156,21,45,30.32,72.33
951156,19,44,30.32,72.25
952156,21,45,30.34,72.28
953156,22,45,30.34,72.31
954156,22,44,30.34,72.28
955156,21,45,30.34,72.3
956156,21,45,30.33,72.28
957156,22,45,30.34,72.31
958156,21,45,30.34,72.27
959156,20,45,30.33,72.26
960156,21,45,30.33,72.27
961156,21,45,30.32,72.29
962156,21,45,30.32,72.33
963156,21,45,30.33,72.24
964156,16,45,30.33,72.29
965156,21,45,30.31,72.27
966156,20,45,30.32,72.27
967156,21,44,30.32,72.27
968156,22,45,30.32,72.25
969156,21,45,30.33,72.26
970156,21,45,30.33,72.25
971156,21,45,30.32,72.24
972156,22,44,30.32,72.23
973156,18,45,30.3,72.28
974156,22,44,30.32,72.24
975156,21,45,30.31,72.32
976156,21,44,30.32,72.29
977156,21,45,30.32,72.29
978156,21,44,30.31,72.28
979156,22,44,30.32,72.28
980156,21,44,30.32,72.28
981156,21,45,30.3,72.34
982156,21,44,30.3,72.31
983156,21,44,30.3,72.3
984156,22,44,30.29,72.34
985156,22,45,30.3,72.31
986156,21,44,30.31,72.3
987156,22,44,30.3,72.35
988156,21,44,30.32,72.29
989156,21,44,30.31,72.31
990156,22,45,30.32,72.32
991156,21,45,30.31,72.34
992156,21,45,30.31,72.3
993156,21,44,30.31,72.29
994156,21,44,30.3,72.32
995156,21,44,30.31,72.29
996156,21,44,30.3,72.31
997156,21,45,30.32,72.3
998156,14,44,30.31,72.33
999156,21,44,30.32,72.3
1000156,21,45,30.31,72.32
1001156,22,44,30.31,72.34
1002156,21,45,30.32,72.3
1003156,21,44,30.32,72.31
1004156,21,44,30.32,72.31
1005156,23,44,30.32,72.3
1006156,24,44,30.31,72.28
1007156,21,44,30.31,72.27
1008156,21,44,30.3,72.29
1009156,21,44,30.31,72.3
1010156,21,44,30.29,72.28
1011156,21,44,30.31,72.28
1012156,21,48,30.31,72.28
1013156,21,44,30.3,72.34
1014156,21,44,30.31,72.28
1015156,21,43,30.3,72.3
1016156,22,44,30.31,72.3
1017156,21,44,30.31,72.25
1018156,21,44,30.33,72.26
1019156,21,44,30.31,72.27
1020156,20,44,30.31,72.3
1021156,21,44,30.33,72.24
1022156,21,44,30.32,72.25
1023156,21,44,30.33,72.26
1024156,22,44,30.33,72.28
1025156,27,43,30.32,72.31
1026156,21,44,30.32,72.29
1027156,21,44,30.3,72.28
1028156,22,44,30.33,72.23
1029156,22,44,30.33,72.3
1030156,21,44,30.33,72.28
1031156,20,44,30.33,72.25
1032156,21,45,30.33,72.26
1033156,19,44,30.33,72.28
1034156,21,44,30.33,72.26
1035156,22,44,30.33,72.21
1036156,19,44,30.31,72.27
1037156,21,44,30.33,72.26
1038156,21,44,30.32,72.28
1039156,21,44,30.32,72.22
1040156,21,44,30.33,72.25
1041156,22,44,30.33,72.26
1042156,21,44,30.33,72.27
1043156,21,44,30.33,72.23
1044156,21,44,30.34,72.24
1045156,22,44,30.31,72.21
1046156,21,44,30.32,72.27
1047156,22,44,30.31,72.24
1048156,21,44,30.32,72.29
1049156,19,45,30.32,72.22
1050156,21,44,30.33,72.27
1051156,21,44,30.32,72.24
1052156,21,44,30.33,72.25
1053156,21,44,30.33,72.23
1054156,21,44,30.32,72.25
1055156,21,44,30.32,72.24
1056156,21,44,30.33,72.25
1057156,21,44,30.32,72.22
1058156,21,44,30.32,72.24
1059156,21,44,30.32,72.28
1060156,19,44,30.32,72.22
1061156,21,44,30.31,72.25
1062156,21,44,30.32,72.26
1063156,21,44,30.32,72.23
1064156,21,44,30.31,72.26
1065156,21,44,30.34,72.34
1066156,22,44,30.33,72.3
1067156,23,45,30.35,72.28
1068156,21,45,30.35,72.3
1069156,21,44,30.33,72.29
1070156,24,44,30.32,72.25
1071156,20,43,30.33,72.29
1072156,21,44,30.32,72.29
1073156,21,44,30.32,72.28
1074156,21,44,30.33,72.31
1075156,21,44,30.3,72.27
1076156,21,44,30.32,72.33
1077156,22,44,30.31,72.32
1078156,21,44,30.3,72.29
1079156,21,45,30.31,72.33
1080156,21,44,30.31,72.34
1081156,21,44,30.32,72.37
1082156,22,44,30.32,72.34
1083156,21,44,30.33,72.33
1084156,22,44,30.32,72.33
1085156,21,44,30.3,72.32
1086156,21,44,30.31,72.3
1087156,21,44,30.32,72.39
1088156,21,43,30.31,72.36
1089156,21,44,30.32,72.36
1090156,21,44,30.31,72.36
1091156,21,44,30.33,72.37
1092156,21,44,30.33,72.35
1093156,21,44,30.32,72.35
1094156,21,44,30.31,72.33
1095156,21,44,30.33,72.32
1096156,21,44,30.32,72.31
1097156,21,44,30.33,72.36
1098156,21,44,30.33,72.29
1099156,21,44,30.32,72.33
1100156,21,44,30.31,72.36
1101156,22,44,30.31,72.33
1102156,21,44,30.32,72.29
1103156,21,44,30.32,72.32
1104156,21,44,30.32,72.3
1105156,21,43,30.33,72.32
1106156,21,44,30.33,72.32
1107156,21,44,30.32,72.33
1108156,21,44,30.31,72.32
1109156,21,44,30.32,72.35
1110156,21,44,30.33,72.31
1111156,21,44,30.32,72.33
1112156,21,44,30.31,72.35
1113156,31,44,30.32,72.34
1114156,20,44,30.32,72.37
1115156,21,44,30.33,72.33
1116156,22,44,30.32,72.34
1117156,31,44,30.34,72.38
1118156,22,44,30.33,72.39
1119156,21,44,30.34,72.33
1120156,21,44,30.33,72.35
1121156,21,44,30.34,72.33
1122156,20,44,30.35,72.35
1123156,21,44,30.33,72.32
1124156,21,44,30.34,72.36
1125156,21,44,30.33,72.35
1126156,21,44,30.34,72.33
1127156,23,44,30.33,72.34
1128156,21,44,30.32,72.38
1129156,22,44,30.32,72.35
1130156,22,44,30.32,72.32
1131156,21,44,30.31,72.34
1132156,21,44,30.34,72.36
1133156,21,44,30.32,72.33
1134156,21,46,30.34,72.31
1135156,21,44,30.33,72.33
1136156,21,44,30.34,72.32
1137156,21,45,30.32,72.29
1138156,22,44,30.32,72.29
1139156,21,44,30.33,72.35
1140156,22,44,30.33,72.35
1141156,21,44,30.33,72.3
1142156,22,44,30.33,72.26
1143156,21,44,30.32,72.32
1144156,21,44,30.32,72.33
1145156,21,44,30.33,72.31
1146156,21,44,30.32,72.3
1147156,21,44,30.32,72.32
1148156,21,44,30.3,72.32
1149156,22,44,30.32,72.35
1150156,21,44,30.3,72.34
1151156,21,44,30.31,72.32
1152156,21,44,30.32,72.35
1153156,21,44,30.31,72.3
1154156,21,44,30.31,72.36
1155156,21,45,30.32,72.33
1156156,22,44,30.31,72.31
1157156,21,44,30.3,72.3
1158156,21,44,30.31,72.36
1159156,21,44,30.3,72.32
1160156,21,44,30.31,72.31
1161156,21,43,30.31,72.29
1162156,21,44,30.3,72.31
1163156,21,44,30.31,72.27
1164156,20,44,30.32,72.31
1165156,21,44,30.32,72.3
1166156,21,44,30.32,72.25
1167156,21,44,30.33,72.28
1168156,19,44,30.32,72.33
1169156,21,44,30.33,72.3
1170156,21,44,30.33,72.32
1171156,21,44,30.31,72.31
1172156,21,44,30.32,72.31
1173156,21,44,30.33,72.34
1174156,21,44,30.3,72.29
1175156,21,44,30.31,72.32
1176156,21,44,30.31,72.31
1177156,21,42,30.31,72.33
1178156,21,44,30.3,72.33
1179156,21,44,30.31,72.37
1180156,21,44,30.32,72.31
1181156,21,44,30.31,72.34
1182156,21,43,30.32,72.38
1183156,21,44,30.32,72.37
1184156,21,44,30.32,72.34
1185156,21,44,30.34,72.31
1186156,21,43,30.33,72.35
1187156,21,44,30.32,72.33
1188156,19,44,30.32,72.35
1189156,21,44,30.32,72.32
1190156,21,44,30.33,72.31
1191156,21,44,30.32,72.32
1192156,21,44,30.33,72.31
1193156,22,44,30.33,72.28
1194156,21,44,30.31,72.35
1195156,21,44,30.32,72.32
1196156,21,43,30.33,72.3
1197156,21,44,30.34,72.35
1198156,23,44,30.34,72.34
1199156,22,44,30.33,72.3
1200156,22,44,30.33,72.29
1201156,22,44,30.35,72.33
1202156,21,44,30.34,72.36
1203156,21,43,30.33,72.33
1204156,21,44,30.32,72.33
1205156,21,44,30.33,72.36
1206156,21,44,30.31,72.37
1207156,22,44,30.33,72.34
1208156,21,43,30.32,72.33
1209156,21,43,30.33,72.28
1210156,21,44,30.33,72.31
1211156,21,44,30.33,72.34
1212156,21,44,30.33,72.33
1213156,24,44,30.33,72.36
1214156,21,44,30.33,72.32
1215156,21,44,30.34,72.34
1216156,22,44,30.35,72.31
1217156,21,44,30.35,72.32
1218156,22,44,30.37,72.28
1219156,22,44,30.37,72.32
1220156,21,44,30.36,72.28
1221156,21,44,30.36,72.34
1222156,22,44,30.37,72.29
1223156,21,43,30.36,72.27
1224156,21,44,30.36,72.31
1225156,21,44,30.36,72.34
1226156,21,44,30.35,72.33
1227156,21,44,30.35,72.34
1228156,21,43,30.36,72.33
1229156,21,44,30.35,72.32
1230156,22,44,30.34,72.35
1231156,21,44,30.36,72.32
1232156,21,44,30.36,72.38
1233156,20,44,30.35,72.33
1234156,22,44,30.37,72.34
1235156,22,44,30.37,72.33
1236156,21,44,30.36,72.35
1237156,21,44,30.37,72.33
1238156,21,44,30.37,72.35
1239156,21,44,30.35,72.35
1240156,21,44,30.34,72.33
1241156,20,44,30.34,72.37
1242156,20,44,30.35,72.34
1243156,22,44,30.35,72.37
1244156,21,44,30.34,72.35
1245156,23,44,30.34,72.37
1246156,22,44,30.34,72.4
1247156,21,43,30.34,72.4
1248156,21,44,30.33,72.42
1249156,22,44,30.34,72.38
1250156,22,44,30.35,72.41
1251156,21,44,30.34,72.41
1252156,21,44,30.34,72.36
1253156,21,44,30.35,72.45
1254156,19,43,30.35,72.43
1255156,22,44,30.36,72.38
1256156,21,44,30.34,72.34
1257156,21,44,30.34,72.41
1258156,21,44,30.35,72.38
1259156,21,44,30.33,72.44
1260156,21,44,30.34,72.4
1261156,22,44,30.34,72.4
1262156,22,44,30.32,72.45
1263156,22,44,30.34,72.48
1264156,21,44,30.34,72.44
1265156,21,44,30.34,72.44
1266156,21,44,30.34,72.44
1267156,24,44,30.34,72.44
1268156,21,44,30.33,72.42
1269156,22,44,30.34,72.47
1270156,21,44,30.34,72.45
1271156,21,44,30.34,72.44
1272156,21,44,30.32,72.44
1273156,21,44,30.33,72.44
1274156,21,44,30.33,72.45
1275156,21,44,30.33,72.5
1276156,22,44,30.33,72.47
1277156,21,44,30.33,72.49
1278156,21,44,30.33,72.45
1279156,13,43,30.33,72.51
1280156,21,45,30.32,72.5
1281156,22,44,30.32,72.55
1282156,21,44,30.32,72.49
1283156,19,44,30.33,72.53
1284156,22,44,30.33,72.51
1285156,21,44,30.33,72.55
1286156,22,44,30.34,72.47
1287156,20,44,30.33,72.51
1288156,21,44,30.35,72.52
1289156,22,44,30.34,72.51
1290156,22,44,30.35,72.52
1291156,22,44,30.35,72.53
1292156,21,44,30.35,72.54
1293156,22,44,30.36,72.53
1294156,21,44,30.34,72.54
1295156,19,44,30.34,72.55
1296156,21,44,30.35,72.5
1297156,22,44,30.34,72.57
1298156,21,44,30.34,72.57
1299156,21,44,30.34,72.53
1300156,22,44,30.34,72.54
1301156,21,44,30.35,72.54
1302156,22,44,30.34,72.51
1303156,22,44,30.35,72.55
1304156,22,44,30.34,72.56
1305156,22,44,30.34,72.51
1306156,22,44,30.35,72.5
1307156,26,45,30.34,72.55
1308156,22,44,30.36,72.45
1309156,22,44,30.34,72.54
1310156,22,44,30.34,72.48
1311156,22,44,30.34,72.46
1312156,21,44,30.35,72.5
1313156,23,44,30.35,72.49
1314156,22,44,30.35,72.5
1315156,22,44,30.35,72.54
1316156,22,44,30.35,72.52
1317156,22,44,30.36,72.52
1318156,22,44,30.36,72.53
1319156,18,44,30.36,72.53
1320156,22,44,30.37,72.52
1321156,22,44,30.37,72.53
1322156,22,44,30.36,72.52
1323156,21,44,30.36,72.5
1324156,21,44,30.35,72.52
1325156,21,44,30.35,72.48
1326156,21,48,30.35,72.53
1327156,22,44,30.36,72.55
1328156,21,44,30.36,72.53
1329156,22,44,30.36,72.5
1330156,21,44,30.35,72.54
1331156,22,44,30.36,72.56
1332156,21,44,30.35,72.55
1333156,22,44,30.37,72.57
1334156,22,44,30.36,72.48
1335156,22,44,30.37,72.51
1336156,22,44,30.38,72.49
1337156,22,44,30.38,72.49
1338156,22,44,30.39,72.5
1339156,22,44,30.39,72.51
1340156,22,44,30.4,72.47
1341156,22,44,30.39,72.49
1342156,22,44,30.38,72.45
1343156,22,44,30.4,72.45
1344156,22,44,30.39,72.49
1345156,19,43,30.38,72.46
1346156,22,44,30.38,72.42
1347156,22,44,30.39,72.44
1348156,20,44,30.39,72.42
1349156,21,44,30.38,72.44
1350156,21,44,30.38,72.48
1351156,22,44,30.37,72.45
1352156,22,44,30.39,72.42
1353156,21,44,30.37,72.48
1354156,22,44,30.38,72.42
1355156,22,44,30.39,72.41
1356156,22,44,30.39,72.41
1357156,22,44,30.38,72.45
1358156,22,44,30.38,72.41
1359156,22,44,30.39,72.47
1360156,22,44,30.39,72.47
1361156,22,44,30.4,72.45
1362156,21,44,30.4,72.42
1363156,22,44,30.39,72.43
1364156,22,44,30.39,72.46
1365156,22,44,30.41,72.43
1366156,21,45,30.39,72.45
1367156,22,44,30.4,72.45
1368156,22,44,30.39,72.4
1369156,20,45,30.4,72.47
1370156,22,44,30.41,72.42
1371156,22,44,30.39,72.42
1372156,22,44,30.4,72.44
1373156,22,44,30.39,72.43
1374156,22,44,30.41,72.4
1375156,22,44,30.4,72.38
1376156,22,44,30.39,72.39
1377156,22,46,30.39,72.42
1378156,22,45,30.39,72.43
1379156,22,45,30.39,72.39
1380156,22,45,30.39,72.4
1381156,22,45,30.39,72.44
1382156,22,45,30.39,72.42
1383156,22,45,30.39,72.42
1384156,21,44,30.4,72.46
1385156,21,44,30.4,72.43
1386156,20,45,30.38,72.44
1387156,22,45,30.39,72.46
1388156,22,44,30.39,72.48
1389156,17,44,30.39,72.44
1390156,20,44,30.38,72.42
1391156,22,45,30.38,72.46
1392156,22,44,30.38,72.46
1393156,22,44,30.4,72.48
1394156,27,45,30.39,72.49
1395156,22,44,30.38,72.49
1396156,22,44,30.39,72.54
1397156,22,44,30.38,72.48
1398156,22,44,30.39,72.51
1399156,22,44,30.39,72.48
1400156,22,44,30.39,72.47
1401156,22,44,30.38,72.5
1402156,21,46,30.39,72.52
1403156,22,45,30.39,72.53
1404156,22,44,30.4,72.54
1405156,22,44,30.41,72.52
1406156,22,45,30.41,72.54
1407156,22,44,30.4,72.43
1408156,22,44,30.42,72.49
1409156,22,45,30.42,72.47
1410156,22,44,30.42,72.45
1411156,22,44,30.43,72.47
1412156,22,44,30.42,72.45
1413156,22,44,30.42,72.46
1414156,23,44,30.4,72.45
1415156,21,45,30.41,72.43
1416156,22,45,30.41,72.42
1417156,22,44,30.4,72.5
1418156,22,45,30.39,72.43
1419156,22,45,30.4,72.44
1420156,22,45,30.4,72.43
1421156,22,44,30.41,72.43
1422156,22,44,30.39,72.49
1423156,22,44,30.4,72.43
1424156,22,44,30.4,72.46
1425156,22,44,30.4,72.47
1426156,22,44,30.41,72.51
1427156,22,44,30.4,72.51
1428156,22,44,30.4,72.46
1429156,22,44,30.4,72.47
1430156,22,44,30.4,72.5
1431156,22,44,30.4,72.49
1432156,22,44,30.39,72.48
1433156,22,45,30.4,72.46
1434156,22,45,30.41,72.53
1435156,22,44,30.41,72.53
1436156,22,45,30.42,72.48
1437156,22,44,30.43,72.47
1438156,22,44,30.42,72.48
1439156,21,44,30.43,72.48
1440156,21,45,30.44,72.41
1441156,21,44,30.42,72.44
1442156,23,42,30.42,72.43
1443156,22,44,30.41,72.46
1444156,22,44,30.41,72.45
1445156,22,44,30.42,72.48
1446156,20,44,30.41,72.47
1447156,22,45,30.42,72.48
1448156,22,44,30.43,72.4
1449156,23,44,30.4,72.43
1450156,22,44,30.42,72.45
1451156,22,44,30.42,72.44
1452156,22,45,30.43,72.43
1453156,22,45,30.42,72.4
1454156,22,45,30.43,72.42
1455156,22,44,30.44,72.36
1456156,22,44,30.43,72.42
1457156,22,44,30.42,72.41
1458156,21,44,30.43,72.45
1459156,22,44,30.42,72.39
1460156,21,45,30.43,72.42
1461156,22,44,30.41,72.4
1462156,22,44,30.41,72.43
1463156,22,45,30.42,72.48
1464156,18,45,30.4,72.45
1465156,22,43,30.4,72.48
1466156,22,44,30.41,72.45
1467156,22,45,30.42,72.45
1468156,20,44,30.42,72.46
1469156,25,44,30.42,72.45
1470156,22,45,30.43,72.43
1471156,22,44,30.41,72.46
1472156,22,44,30.4,72.44
1473156,23,43,30.41,72.45
1474156,22,44,30.42,72.42
1475156,22,45,30.42,72.45
1476156,22,44,30.41,72.46
1477156,22,44,30.41,72.47
1478156,21,44,30.42,72.44
1479156,22,44,30.42,72.45
1480156,22,44,30.42,72.43
1481156,24,45,30.41,72.46
1482156,22,44,30.42,72.5
1483156,21,44,30.41,72.45
1484156,22,44,30.41,72.47
1485156,22,44,30.42,72.51
1486156,22,44,30.43,72.52
1487156,22,44,30.42,72.46
1488156,22,44,30.44,72.52
1489156,21,44,30.43,72.5
1490156,22,45,30.42,72.48
1491156,22,45,30.42,72.48
1492156,22,44,30.42,72.46
1493156,21,44,30.42,72.47
1494156,22,44,30.41,72.51
1495156,22,44,30.42,72.43
1496156,22,44,30.42,72.46
1497156,22,45,30.43,72.46
1498156,22,44,30.43,72.48
1499156,22,45,30.43,72.47
1500156,22,44,30.44,72.43
1501156,22,44,30.44,72.41
1502156,22,44,30.44,72.43
1503156,22,44,30.44,72.39
1504156,22,44,30.45,72.4
1505156,21,44,30.43,72.41
1506156,22,44,30.45,72.43
1507156,22,44,30.44,72.38
1508156,22,44,30.44,72.37
1509156,21,45,30.44,72.37
1510156,22,44,30.44,72.38
1511156,22,44,30.43,72.41
1512156,22,44,30.43,72.4
1513156,21,44,30.43,72.39
1514156,22,44,30.43,72.37
1515156,22,44,30.44,72.39
1516156,22,45,30.42,72.43
1517156,24,44,30.44,72.39
1518156,22,45,30.45,72.36
1519156,22,45,30.43,72.41
1520156,22,45,30.43,72.39
1521156,22,45,30.42,72.41
1522156,22,44,30.43,72.39
